﻿cpf_cnpj;nome;razao_social;nome_fantasia
40498567869;"Guilherme Borelli";"Guilherme Borelli";
41927629861;"Bruna Zavati Zavitoski";"Bruna Zavati Zavitoski";
31687798818;"Marcus Vinicius Machado Gonçalves";"Marcus Vinicius Machado Gonçalves";
43677699843;"André Luis Ribeiro PJ";"André Luis Ribeiro PJ";
51313622885;"Gabriel Batista Santos PJ";"Gabriel Batista Santos PJ";
40102626804;"Alex Eduardo Antunes PJ";"Alex Eduardo Antunes PJ";
49155758886;"Isabela Betti Stavarengo";"Isabela Betti Stavarengo";
34505794873;"Marcelo Eliseu Urbano PJ";"Marcelo Eliseu Urbano PJ";
42876309000190;"MICHEL ALEXANDRE DE PAULA 39977974802";"MICHEL ALEXANDRE DE PAULA 39977974802";
54668555000135;"SUELLEN D. DA S. MENDES ESTETICA";"SUELLEN D. DA S. MENDES ESTETICA";"Dra. Suellen Mendes"
37415146000108;"Bruno Barbosa";"BRUNO BARBOSA 34804460861";
536998;"José Marcos Gonçalves";;
597878;"Rennan Alexandre de Paula";;
4938736000166;"RITA TOBAL DINIZ";;
36695060000113;"CINTIA ALVES DE MENEZES";;
33180818000192;"Paula L. Dotto";;
32724713000194;"Tupinambá Energia e Publicidade LTDA";;
1515951000166;"Chiarelli Contabilidade S/S LTDA";;
19305880000132;"R GUIDON";"R GUIDON";"R Guidon"
19549581000143;"ANDRE VORONIUK DE FIGUEIREDO";"ANDRE VORONIUK DE FIGUEIREDO";"Bcinovatec - Alem da Inovacao em Tecnologia"
18151164000185;"MARCELA HASTENREITER PORTES DUAR MOL";"MARCELA HASTENREITER PORTES DUAR MOL";"Mh Uniq Esthetic"
04938736000166;"RITA TOBAL DINIZ";"RITA TOBAL DINIZ";"Iris Comercial"