cpf_cnpj,nome,razao_social,nome_fantasia,socios
40498567869,Guilherme Borelli,Guilherme Borelli,,
41927629861,Bruna Zavati Zavitoski,Bruna Zavati Zavitoski,,
31687798818,Marcus Vinicius Machado Gonçalves,Marcus Vinicius Machado Gonçalves,,
43677699843,André Luis Ribeiro PJ ,André Luis Ribeiro PJ ,,
51313622885,Gabriel Batista Santos PJ,Gabriel Batista Santos PJ,,
40102626804,Alex Eduardo Antunes PJ,Alex Eduardo Antunes PJ,,
49155758886,Isabela Betti Stavarengo,Isabela Betti Stavarengo,,
34505794873,Marcelo Eliseu Urbano PJ,Marcelo Eliseu Urbano PJ,,
30383069000102,PERSONALITE RECUPERACAO DE CREDITO LTDA,PERSONALITE RECUPERACAO DE CREDITO LTDA,PERSONALITE RECUPERACAO DE CREDITO,"[
    {
        ""pais"": null,
        ""nome_socio"": ""FABIO LAVOR PEREIRA"",
        ""codigo_pais"": null,
        ""faixa_etaria"": ""Entre 41 a 50 anos"",
        ""cnpj_cpf_do_socio"": ""***284857**"",
        ""qualificacao_socio"": ""Sócio-Administrador"",
        ""codigo_faixa_etaria"": 5,
        ""data_entrada_sociedade"": ""2019-05-21"",
        ""identificador_de_socio"": 2,
        ""cpf_representante_legal"": ""***000000**"",
        ""nome_representante_legal"": """",
        ""codigo_qualificacao_socio"": 49,
        ""qualificacao_representante_legal"": ""Não informada"",
        ""codigo_qualificacao_representante_legal"": 0
    },
    {
        ""pais"": null,
        ""nome_socio"": ""EDSON VIEIRA XAVIER"",
        ""codigo_pais"": null,
        ""faixa_etaria"": ""Entre 41 a 50 anos"",
        ""cnpj_cpf_do_socio"": ""***290248**"",
        ""qualificacao_socio"": ""Sócio-Administrador"",
        ""codigo_faixa_etaria"": 5,
        ""data_entrada_sociedade"": ""2019-05-21"",
        ""identificador_de_socio"": 2,
        ""cpf_representante_legal"": ""***000000**"",
        ""nome_representante_legal"": """",
        ""codigo_qualificacao_socio"": 49,
        ""qualificacao_representante_legal"": ""Não informada"",
        ""codigo_qualificacao_representante_legal"": 0
    }
]"
35727790000196,EASY SEGUROS MEDICOS LTDA,EASY SEGUROS MEDICOS LTDA,EASY SEGUROS MEDICOS,"[
    {
        ""pais"": null,
        ""nome_socio"": ""HARLAINE RIBEIRO LUNA"",
        ""codigo_pais"": null,
        ""faixa_etaria"": ""Entre 41 a 50 anos"",
        ""cnpj_cpf_do_socio"": ""***384810**"",
        ""qualificacao_socio"": ""Sócio-Administrador"",
        ""codigo_faixa_etaria"": 5,
        ""data_entrada_sociedade"": ""2019-12-06"",
        ""identificador_de_socio"": 2,
        ""cpf_representante_legal"": ""***000000**"",
        ""nome_representante_legal"": """",
        ""codigo_qualificacao_socio"": 49,
        ""qualificacao_representante_legal"": ""Não informada"",
        ""codigo_qualificacao_representante_legal"": 0
    },
    {
        ""pais"": null,
        ""nome_socio"": ""HUMBERTO DE MATTOS CARRILHO"",
        ""codigo_pais"": null,
        ""faixa_etaria"": ""Entre 51 a 60 anos"",
        ""cnpj_cpf_do_socio"": ""***243918**"",
        ""qualificacao_socio"": ""Sócio"",
        ""codigo_faixa_etaria"": 6,
        ""data_entrada_sociedade"": ""2020-02-20"",
        ""identificador_de_socio"": 2,
        ""cpf_representante_legal"": ""***000000**"",
        ""nome_representante_legal"": """",
        ""codigo_qualificacao_socio"": 22,
        ""qualificacao_representante_legal"": ""Não informada"",
        ""codigo_qualificacao_representante_legal"": 0
    }
]"
20729204000175,LUME LASER - EQUIPAMENTOS PARA ESTETICA LTDA,LUME LASER - EQUIPAMENTOS PARA ESTETICA LTDA,LUME LASER LOCACOES DE EQUIPAMENTOS PARA ESTETICA,"[
    {
        ""pais"": null,
        ""nome_socio"": ""MARCELO AUGUSTO FARIAS JASSET"",
        ""codigo_pais"": null,
        ""faixa_etaria"": ""Entre 51 a 60 anos"",
        ""cnpj_cpf_do_socio"": ""***878637**"",
        ""qualificacao_socio"": ""Sócio-Administrador"",
        ""codigo_faixa_etaria"": 6,
        ""data_entrada_sociedade"": ""2016-03-21"",
        ""identificador_de_socio"": 2,
        ""cpf_representante_legal"": ""***000000**"",
        ""nome_representante_legal"": """",
        ""codigo_qualificacao_socio"": 49,
        ""qualificacao_representante_legal"": ""Não informada"",
        ""codigo_qualificacao_representante_legal"": 0
    }
]"
54668555000135,SUELLEN D. DA S. MENDES ESTETICA,SUELLEN D. DA S. MENDES ESTETICA,DRA. SUELLEN MENDES,
03506307000157,TICKET SOLUCOES HDFGT S/A,TICKET SOLUCOES HDFGT S/A,TICKET LOG,"[
    {
        ""pais"": null,
        ""nome_socio"": ""RICARDO ERNESTO CORREA DA SILVA"",
        ""codigo_pais"": null,
        ""faixa_etaria"": ""Entre 51 a 60 anos"",
        ""cnpj_cpf_do_socio"": ""***307800**"",
        ""qualificacao_socio"": ""Conselheiro de Administração"",
        ""codigo_faixa_etaria"": 6,
        ""data_entrada_sociedade"": ""2019-08-01"",
        ""identificador_de_socio"": 2,
        ""cpf_representante_legal"": ""***000000**"",
        ""nome_representante_legal"": """",
        ""codigo_qualificacao_socio"": 8,
        ""qualificacao_representante_legal"": ""Não informada"",
        ""codigo_qualificacao_representante_legal"": 0
    },
    {
        ""pais"": null,
        ""nome_socio"": ""GILLES ANDRE COCCOLI"",
        ""codigo_pais"": null,
        ""faixa_etaria"": ""Entre 51 a 60 anos"",
        ""cnpj_cpf_do_socio"": ""***843778**"",
        ""qualificacao_socio"": ""Conselheiro de Administração"",
        ""codigo_faixa_etaria"": 6,
        ""data_entrada_sociedade"": ""2019-08-01"",
        ""identificador_de_socio"": 2,
        ""cpf_representante_legal"": ""***000000**"",
        ""nome_representante_legal"": """",
        ""codigo_qualificacao_socio"": 8,
        ""qualificacao_representante_legal"": ""Não informada"",
        ""codigo_qualificacao_representante_legal"": 0
    },
    {
        ""pais"": null,
        ""nome_socio"": ""MATHIEU DEHAINE"",
        ""codigo_pais"": null,
        ""faixa_etaria"": ""Entre 31 a 40 anos"",
        ""cnpj_cpf_do_socio"": ""***588878**"",
        ""qualificacao_socio"": ""Diretor"",
        ""codigo_faixa_etaria"": 4,
        ""data_entrada_sociedade"": ""2019-09-03"",
        ""identificador_de_socio"": 2,
        ""cpf_representante_legal"": ""***000000**"",
        ""nome_representante_legal"": """",
        ""codigo_qualificacao_socio"": 10,
        ""qualificacao_representante_legal"": ""Não informada"",
        ""codigo_qualificacao_representante_legal"": 0
    },
    {
        ""pais"": null,
        ""nome_socio"": ""DOUGLAS ALMEIDA PINA"",
        ""codigo_pais"": null,
        ""faixa_etaria"": ""Entre 51 a 60 anos"",
        ""cnpj_cpf_do_socio"": ""***074816**"",
        ""qualificacao_socio"": ""Presidente"",
        ""codigo_faixa_etaria"": 6,
        ""data_entrada_sociedade"": ""2021-01-25"",
        ""identificador_de_socio"": 2,
        ""cpf_representante_legal"": ""***000000**"",
        ""nome_representante_legal"": """",
        ""codigo_qualificacao_socio"": 16,
        ""qualificacao_representante_legal"": ""Não informada"",
        ""codigo_qualificacao_representante_legal"": 0
    },
    {
        ""pais"": null,
        ""nome_socio"": ""HAROLDO PIMENTEL STUMPF"",
        ""codigo_pais"": null,
        ""faixa_etaria"": ""Entre 41 a 50 anos"",
        ""cnpj_cpf_do_socio"": ""***781420**"",
        ""qualificacao_socio"": ""Conselheiro de Administração"",
        ""codigo_faixa_etaria"": 5,
        ""data_entrada_sociedade"": ""2022-07-29"",
        ""identificador_de_socio"": 2,
        ""cpf_representante_legal"": ""***000000**"",
        ""nome_representante_legal"": """",
        ""codigo_qualificacao_socio"": 8,
        ""qualificacao_representante_legal"": ""Não informada"",
        ""codigo_qualificacao_representante_legal"": 0
    },
    {
        ""pais"": null,
        ""nome_socio"": ""DIANE EMMANUELLE ANNE COLICHE"",
        ""codigo_pais"": null,
        ""faixa_etaria"": ""Entre 41 a 50 anos"",
        ""cnpj_cpf_do_socio"": ""***876938**"",
        ""qualificacao_socio"": ""Conselheiro de Administração"",
        ""codigo_faixa_etaria"": 5,
        ""data_entrada_sociedade"": ""2023-08-16"",
        ""identificador_de_socio"": 2,
        ""cpf_representante_legal"": ""***000000**"",
        ""nome_representante_legal"": """",
        ""codigo_qualificacao_socio"": 8,
        ""qualificacao_representante_legal"": ""Não informada"",
        ""codigo_qualificacao_representante_legal"": 0
    },
    {
        ""pais"": null,
        ""nome_socio"": ""PHILIPPE PIERRE MARIE BLECON"",
        ""codigo_pais"": null,
        ""faixa_etaria"": ""Entre 51 a 60 anos"",
        ""cnpj_cpf_do_socio"": ""***034898**"",
        ""qualificacao_socio"": ""Diretor"",
        ""codigo_faixa_etaria"": 6,
        ""data_entrada_sociedade"": ""2024-03-26"",
        ""identificador_de_socio"": 2,
        ""cpf_representante_legal"": ""***000000**"",
        ""nome_representante_legal"": """",
        ""codigo_qualificacao_socio"": 10,
        ""qualificacao_representante_legal"": ""Não informada"",
        ""codigo_qualificacao_representante_legal"": 0
    }
]"
42876309000190,MICHEL ALEXANDRE DE PAULA 39977974802,MICHEL ALEXANDRE DE PAULA 39977974802,,
47105254000138,INFINITY COMPANY BY GG LTDA,INFINITY COMPANY BY GG LTDA,,"[
    {
        ""pais"": null,
        ""nome_socio"": ""GABRIELLE ROVARON DOS SANTOS"",
        ""codigo_pais"": null,
        ""faixa_etaria"": ""Entre 21 a 30 anos"",
        ""cnpj_cpf_do_socio"": ""***062578**"",
        ""qualificacao_socio"": ""Sócio-Administrador"",
        ""codigo_faixa_etaria"": 3,
        ""data_entrada_sociedade"": ""2024-09-06"",
        ""identificador_de_socio"": 2,
        ""cpf_representante_legal"": ""***000000**"",
        ""nome_representante_legal"": """",
        ""codigo_qualificacao_socio"": 49,
        ""qualificacao_representante_legal"": ""Não informada"",
        ""codigo_qualificacao_representante_legal"": 0
    },
    {
        ""pais"": null,
        ""nome_socio"": ""GABRIELI ZAGO"",
        ""codigo_pais"": null,
        ""faixa_etaria"": ""Entre 21 a 30 anos"",
        ""cnpj_cpf_do_socio"": ""***836968**"",
        ""qualificacao_socio"": ""Sócio-Administrador"",
        ""codigo_faixa_etaria"": 3,
        ""data_entrada_sociedade"": ""2024-09-06"",
        ""identificador_de_socio"": 2,
        ""cpf_representante_legal"": ""***000000**"",
        ""nome_representante_legal"": """",
        ""codigo_qualificacao_socio"": 49,
        ""qualificacao_representante_legal"": ""Não informada"",
        ""codigo_qualificacao_representante_legal"": 0
    }
]"
19468242000132,ZOOP TECNOLOGIA & INSTITUICAO DE PAGAMENTO S.A.,ZOOP TECNOLOGIA & INSTITUICAO DE PAGAMENTO S.A.,ZOOP BRASIL,"[
    {
        ""pais"": null,
        ""nome_socio"": ""FABIANO TEIXEIRA DA CRUZ"",
        ""codigo_pais"": null,
        ""faixa_etaria"": ""Entre 41 a 50 anos"",
        ""cnpj_cpf_do_socio"": ""***951767**"",
        ""qualificacao_socio"": ""Diretor"",
        ""codigo_faixa_etaria"": 5,
        ""data_entrada_sociedade"": ""2014-01-03"",
        ""identificador_de_socio"": 2,
        ""cpf_representante_legal"": ""***000000**"",
        ""nome_representante_legal"": """",
        ""codigo_qualificacao_socio"": 10,
        ""qualificacao_representante_legal"": ""Não informada"",
        ""codigo_qualificacao_representante_legal"": 0
    },
    {
        ""pais"": null,
        ""nome_socio"": ""ANDRE LUIZ FONSECA DA SILVA MARTINS"",
        ""codigo_pais"": null,
        ""faixa_etaria"": ""Entre 51 a 60 anos"",
        ""cnpj_cpf_do_socio"": ""***351418**"",
        ""qualificacao_socio"": ""Diretor"",
        ""codigo_faixa_etaria"": 6,
        ""data_entrada_sociedade"": ""2021-05-11"",
        ""identificador_de_socio"": 2,
        ""cpf_representante_legal"": ""***000000**"",
        ""nome_representante_legal"": """",
        ""codigo_qualificacao_socio"": 10,
        ""qualificacao_representante_legal"": ""Não informada"",
        ""codigo_qualificacao_representante_legal"": 0
    },
    {
        ""pais"": null,
        ""nome_socio"": ""RICARDO OISHI SONODA"",
        ""codigo_pais"": null,
        ""faixa_etaria"": ""Entre 41 a 50 anos"",
        ""cnpj_cpf_do_socio"": ""***761648**"",
        ""qualificacao_socio"": ""Diretor"",
        ""codigo_faixa_etaria"": 5,
        ""data_entrada_sociedade"": ""2023-04-25"",
        ""identificador_de_socio"": 2,
        ""cpf_representante_legal"": ""***000000**"",
        ""nome_representante_legal"": """",
        ""codigo_qualificacao_socio"": 10,
        ""qualificacao_representante_legal"": ""Não informada"",
        ""codigo_qualificacao_representante_legal"": 0
    }
]"
44388803000130,MMG LOCACAO DE MAQUINAS LTDA,MMG LOCACAO DE MAQUINAS LTDA,,"[
    {
        ""pais"": null,
        ""nome_socio"": ""MARCUS VINICIUS MACHADO GONCALVES"",
        ""codigo_pais"": null,
        ""faixa_etaria"": ""Entre 31 a 40 anos"",
        ""cnpj_cpf_do_socio"": ""***877988**"",
        ""qualificacao_socio"": ""Sócio-Administrador"",
        ""codigo_faixa_etaria"": 4,
        ""data_entrada_sociedade"": ""2021-11-26"",
        ""identificador_de_socio"": 2,
        ""cpf_representante_legal"": ""***000000**"",
        ""nome_representante_legal"": """",
        ""codigo_qualificacao_socio"": 49,
        ""qualificacao_representante_legal"": ""Não informada"",
        ""codigo_qualificacao_representante_legal"": 0
    },
    {
        ""pais"": null,
        ""nome_socio"": ""GUILHERME BORELLI"",
        ""codigo_pais"": null,
        ""faixa_etaria"": ""Entre 31 a 40 anos"",
        ""cnpj_cpf_do_socio"": ""***985678**"",
        ""qualificacao_socio"": ""Sócio-Administrador"",
        ""codigo_faixa_etaria"": 4,
        ""data_entrada_sociedade"": ""2021-11-26"",
        ""identificador_de_socio"": 2,
        ""cpf_representante_legal"": ""***000000**"",
        ""nome_representante_legal"": """",
        ""codigo_qualificacao_socio"": 49,
        ""qualificacao_representante_legal"": ""Não informada"",
        ""codigo_qualificacao_representante_legal"": 0
    }
]"
