[
    {
        "data": "29/08/2024",
        "documento": "68288762",
        "doc_tipo": "numérico",
        "descricao": "TRANSF.REALIZADA PIX SICOOB-MESMA TIT. FAV.: MMG LOCACAO DE MAQUINAS LTDA\nTransferência Pix\nMMG LOCACAO DE MAQUINAS LTDA\n44.388.803 0001-30",
        "valor": -3040.0,
        "valor_absoluto": 3040.0,
        "tipo_transacao": "Débito",
        "categoria": "Transferência Interna",
        "favorecido": "MMG LOCACAO DE MAQUINAS LTDA",
        "cpf_cnpj_parcial": "44.388.803 0001-30",
        "cod_ted": "",
        "observacao": "",
        "transferencia_interna": true,
        "instituicao": "SICOOB-MESMA TIT. FAV.: MMG LOCACAO DE MAQUINAS LTDA",
        "cnpj_extraido": "",
        "possiveis_contatos": [],
        "contato": {
            "cpf_cnpj": 44388803000130,
            "nome": "MMG LOCACAO DE MAQUINAS LTDA",
            "razao_social": "MMG LOCACAO DE MAQUINAS LTDA",
            "nome_fantasia": "",
            "socios": [
                {
                    "pais": null,
                    "nome_socio": "MARCUS VINICIUS MACHADO GONCALVES",
                    "codigo_pais": null,
                    "faixa_etaria": "Entre 31 a 40 anos",
                    "cnpj_cpf_do_socio": "***877988**",
                    "qualificacao_socio": "Sócio-Administrador",
                    "codigo_faixa_etaria": 4,
                    "data_entrada_sociedade": "2021-11-26",
                    "identificador_de_socio": 2,
                    "cpf_representante_legal": "***000000**",
                    "nome_representante_legal": "",
                    "codigo_qualificacao_socio": 49,
                    "qualificacao_representante_legal": "Não informada",
                    "codigo_qualificacao_representante_legal": 0
                },
                {
                    "pais": null,
                    "nome_socio": "GUILHERME BORELLI",
                    "codigo_pais": null,
                    "faixa_etaria": "Entre 31 a 40 anos",
                    "cnpj_cpf_do_socio": "***985678**",
                    "qualificacao_socio": "Sócio-Administrador",
                    "codigo_faixa_etaria": 4,
                    "data_entrada_sociedade": "2021-11-26",
                    "identificador_de_socio": 2,
                    "cpf_representante_legal": "***000000**",
                    "nome_representante_legal": "",
                    "codigo_qualificacao_socio": 49,
                    "qualificacao_representante_legal": "Não informada",
                    "codigo_qualificacao_representante_legal": 0
                }
            ]
        }
    },
    {
        "data": "28/08/2024",
        "documento": "1095092460",
        "doc_tipo": "numérico",
        "descricao": "CR ANTECIPAÇÃO MASTERCARD SIPAG_Ant._Mastercard",
        "valor": 3042.62,
        "valor_absoluto": 3042.62,
        "tipo_transacao": "Crédito",
        "categoria": "Não classificado",
        "favorecido": "",
        "cpf_cnpj_parcial": "",
        "cod_ted": "",
        "observacao": "",
        "transferencia_interna": false,
        "instituicao": "",
        "cnpj_extraido": "",
        "possiveis_contatos": [],
        "contato": {
            "cpf_cnpj": 40498567869,
            "nome": "Guilherme Borelli",
            "razao_social": "Guilherme Borelli",
            "nome_fantasia": "",
            "socios": ""
        }
    },
    {
        "data": "26/08/2024",
        "documento": "Pix",
        "doc_tipo": "texto",
        "descricao": "PIX EMITIDO OUTRA IF Pagamento Pix\n***.610.768-**",
        "valor": -2000.0,
        "valor_absoluto": 2000.0,
        "tipo_transacao": "Débito",
        "categoria": "Pagamento Pix",
        "favorecido": "***.610.768-**",
        "cpf_cnpj_parcial": "***.610.768-**",
        "cod_ted": "",
        "observacao": "",
        "transferencia_interna": false,
        "instituicao": "EMITIDO OUTRA IF Pagamento Pix",
        "cnpj_extraido": "",
        "possiveis_contatos": [],
        "contato": null
    },
    {
        "data": "26/08/2024",
        "documento": "Pix",
        "doc_tipo": "texto",
        "descricao": "PIX EMITIDO OUTRA IF Pagamento Pix\n***.610.768-**",
        "valor": -1064.7,
        "valor_absoluto": 1064.7,
        "tipo_transacao": "Débito",
        "categoria": "Pagamento Pix",
        "favorecido": "***.610.768-**",
        "cpf_cnpj_parcial": "***.610.768-**",
        "cod_ted": "",
        "observacao": "",
        "transferencia_interna": false,
        "instituicao": "EMITIDO OUTRA IF Pagamento Pix",
        "cnpj_extraido": "",
        "possiveis_contatos": [],
        "contato": null
    },
    {
        "data": "22/08/2024",
        "documento": "68109919",
        "doc_tipo": "numérico",
        "descricao": "DÉB.TRANSF.CONTAS DIF.TIT. INTERCREDIS FAV.: INFINITY CARE MED LOCACOES LTDA\nTransferência Pix\nMMG LOCACAO DE MAQUINAS LTDA\n44.388.803 0001-30",
        "valor": -1250.0,
        "valor_absoluto": 1250.0,
        "tipo_transacao": "Débito",
        "categoria": "Não classificado",
        "favorecido": "INFINITY CARE MED LOCACOES LTDA",
        "cpf_cnpj_parcial": "44.388.803 0001-30",
        "cod_ted": "",
        "observacao": "",
        "transferencia_interna": false,
        "instituicao": "MMG LOCACAO DE MAQUINAS LTDA",
        "cnpj_extraido": "",
        "possiveis_contatos": [],
        "contato": {
            "cpf_cnpj": 44388803000130,
            "nome": "MMG LOCACAO DE MAQUINAS LTDA",
            "razao_social": "MMG LOCACAO DE MAQUINAS LTDA",
            "nome_fantasia": "",
            "socios": [
                {
                    "pais": null,
                    "nome_socio": "MARCUS VINICIUS MACHADO GONCALVES",
                    "codigo_pais": null,
                    "faixa_etaria": "Entre 31 a 40 anos",
                    "cnpj_cpf_do_socio": "***877988**",
                    "qualificacao_socio": "Sócio-Administrador",
                    "codigo_faixa_etaria": 4,
                    "data_entrada_sociedade": "2021-11-26",
                    "identificador_de_socio": 2,
                    "cpf_representante_legal": "***000000**",
                    "nome_representante_legal": "",
                    "codigo_qualificacao_socio": 49,
                    "qualificacao_representante_legal": "Não informada",
                    "codigo_qualificacao_representante_legal": 0
                },
                {
                    "pais": null,
                    "nome_socio": "GUILHERME BORELLI",
                    "codigo_pais": null,
                    "faixa_etaria": "Entre 31 a 40 anos",
                    "cnpj_cpf_do_socio": "***985678**",
                    "qualificacao_socio": "Sócio-Administrador",
                    "codigo_faixa_etaria": 4,
                    "data_entrada_sociedade": "2021-11-26",
                    "identificador_de_socio": 2,
                    "cpf_representante_legal": "***000000**",
                    "nome_representante_legal": "",
                    "codigo_qualificacao_socio": 49,
                    "qualificacao_representante_legal": "Não informada",
                    "codigo_qualificacao_representante_legal": 0
                }
            ]
        }
    },
    {
        "data": "22/08/2024",
        "documento": "1092087243",
        "doc_tipo": "numérico",
        "descricao": "CR ANTECIPAÇÃO MASTERCARD SIPAG_Ant._Mastercard",
        "valor": 949.79,
        "valor_absoluto": 949.79,
        "tipo_transacao": "Crédito",
        "categoria": "Não classificado",
        "favorecido": "",
        "cpf_cnpj_parcial": "",
        "cod_ted": "",
        "observacao": "",
        "transferencia_interna": false,
        "instituicao": "",
        "cnpj_extraido": "",
        "possiveis_contatos": [],
        "contato": {
            "cpf_cnpj": 40498567869,
            "nome": "Guilherme Borelli",
            "razao_social": "Guilherme Borelli",
            "nome_fantasia": "",
            "socios": ""
        }
    },
    {
        "data": "22/08/2024",
        "documento": "1092087242",
        "doc_tipo": "numérico",
        "descricao": "CR ANTECIPAÇÃO VISA SIPAG_Ant._Visa",
        "valor": 447.35,
        "valor_absoluto": 447.35,
        "tipo_transacao": "Crédito",
        "categoria": "Não classificado",
        "favorecido": "",
        "cpf_cnpj_parcial": "",
        "cod_ted": "",
        "observacao": "",
        "transferencia_interna": false,
        "instituicao": "",
        "cnpj_extraido": "",
        "possiveis_contatos": [],
        "contato": {
            "cpf_cnpj": 40498567869,
            "nome": "Guilherme Borelli",
            "razao_social": "Guilherme Borelli",
            "nome_fantasia": "",
            "socios": ""
        }
    },
    {
        "data": "21/08/2024",
        "documento": "Pix",
        "doc_tipo": "texto",
        "descricao": "PIX EMITIDO OUTRA IF Pagamento Pix\n19.468.242 0001-32",
        "valor": -333.0,
        "valor_absoluto": 333.0,
        "tipo_transacao": "Débito",
        "categoria": "Pagamento Pix",
        "favorecido": "19.468.242 0001-32",
        "cpf_cnpj_parcial": "19.468.242 0001-32",
        "cod_ted": "",
        "observacao": "",
        "transferencia_interna": false,
        "instituicao": "EMITIDO OUTRA IF Pagamento Pix",
        "cnpj_extraido": "",
        "possiveis_contatos": [],
        "contato": {
            "cpf_cnpj": 19468242000132,
            "nome": "ZOOP TECNOLOGIA & INSTITUICAO DE PAGAMENTO S.A.",
            "razao_social": "ZOOP TECNOLOGIA & INSTITUICAO DE PAGAMENTO S.A.",
            "nome_fantasia": "ZOOP BRASIL",
            "socios": [
                {
                    "pais": null,
                    "nome_socio": "FABIANO TEIXEIRA DA CRUZ",
                    "codigo_pais": null,
                    "faixa_etaria": "Entre 41 a 50 anos",
                    "cnpj_cpf_do_socio": "***951767**",
                    "qualificacao_socio": "Diretor",
                    "codigo_faixa_etaria": 5,
                    "data_entrada_sociedade": "2014-01-03",
                    "identificador_de_socio": 2,
                    "cpf_representante_legal": "***000000**",
                    "nome_representante_legal": "",
                    "codigo_qualificacao_socio": 10,
                    "qualificacao_representante_legal": "Não informada",
                    "codigo_qualificacao_representante_legal": 0
                },
                {
                    "pais": null,
                    "nome_socio": "ANDRE LUIZ FONSECA DA SILVA MARTINS",
                    "codigo_pais": null,
                    "faixa_etaria": "Entre 51 a 60 anos",
                    "cnpj_cpf_do_socio": "***351418**",
                    "qualificacao_socio": "Diretor",
                    "codigo_faixa_etaria": 6,
                    "data_entrada_sociedade": "2021-05-11",
                    "identificador_de_socio": 2,
                    "cpf_representante_legal": "***000000**",
                    "nome_representante_legal": "",
                    "codigo_qualificacao_socio": 10,
                    "qualificacao_representante_legal": "Não informada",
                    "codigo_qualificacao_representante_legal": 0
                },
                {
                    "pais": null,
                    "nome_socio": "RICARDO OISHI SONODA",
                    "codigo_pais": null,
                    "faixa_etaria": "Entre 41 a 50 anos",
                    "cnpj_cpf_do_socio": "***761648**",
                    "qualificacao_socio": "Diretor",
                    "codigo_faixa_etaria": 5,
                    "data_entrada_sociedade": "2023-04-25",
                    "identificador_de_socio": 2,
                    "cpf_representante_legal": "***000000**",
                    "nome_representante_legal": "",
                    "codigo_qualificacao_socio": 10,
                    "qualificacao_representante_legal": "Não informada",
                    "codigo_qualificacao_representante_legal": 0
                }
            ]
        }
    },
    {
        "data": "21/08/2024",
        "documento": "Pix",
        "doc_tipo": "texto",
        "descricao": "PIX EMITIDO OUTRA IF Pagamento Pix\n03.506.307 0001-57",
        "valor": -1000.0,
        "valor_absoluto": 1000.0,
        "tipo_transacao": "Débito",
        "categoria": "Pagamento Pix",
        "favorecido": "03.506.307 0001-57",
        "cpf_cnpj_parcial": "03.506.307 0001-57",
        "cod_ted": "",
        "observacao": "",
        "transferencia_interna": false,
        "instituicao": "EMITIDO OUTRA IF Pagamento Pix",
        "cnpj_extraido": "",
        "possiveis_contatos": [],
        "contato": null
    },
    {
        "data": "21/08/2024",
        "documento": "Pix",
        "doc_tipo": "texto",
        "descricao": "PIX EMITIDO OUTRA IF Pagamento Pix\n***.276.298-**",
        "valor": -10500.0,
        "valor_absoluto": 10500.0,
        "tipo_transacao": "Débito",
        "categoria": "Pagamento Pix",
        "favorecido": "***.276.298-**",
        "cpf_cnpj_parcial": "***.276.298-**",
        "cod_ted": "",
        "observacao": "",
        "transferencia_interna": false,
        "instituicao": "EMITIDO OUTRA IF Pagamento Pix",
        "cnpj_extraido": "",
        "possiveis_contatos": [],
        "contato": {
            "cpf_cnpj": 41927629861,
            "nome": "Bruna Zavati Zavitoski",
            "razao_social": "Bruna Zavati Zavitoski",
            "nome_fantasia": "",
            "socios": ""
        }
    },
    {
        "data": "21/08/2024",
        "documento": "1091398281",
        "doc_tipo": "numérico",
        "descricao": "CR ANTECIPAÇÃO MASTERCARD SIPAG_Ant._Mastercard",
        "valor": 10750.25,
        "valor_absoluto": 10750.25,
        "tipo_transacao": "Crédito",
        "categoria": "Não classificado",
        "favorecido": "",
        "cpf_cnpj_parcial": "",
        "cod_ted": "",
        "observacao": "",
        "transferencia_interna": false,
        "instituicao": "",
        "cnpj_extraido": "",
        "possiveis_contatos": [],
        "contato": {
            "cpf_cnpj": 40498567869,
            "nome": "Guilherme Borelli",
            "razao_social": "Guilherme Borelli",
            "nome_fantasia": "",
            "socios": ""
        }
    },
    {
        "data": "20/08/2024",
        "documento": "Pix",
        "doc_tipo": "texto",
        "descricao": "PIX EMITIDO OUTRA IF Pagamento Pix\n35.727.790 0001-96",
        "valor": -704.52,
        "valor_absoluto": 704.52,
        "tipo_transacao": "Débito",
        "categoria": "Pagamento Pix",
        "favorecido": "35.727.790 0001-96",
        "cpf_cnpj_parcial": "35.727.790 0001-96",
        "cod_ted": "",
        "observacao": "",
        "transferencia_interna": false,
        "instituicao": "EMITIDO OUTRA IF Pagamento Pix",
        "cnpj_extraido": "",
        "possiveis_contatos": [],
        "contato": {
            "cpf_cnpj": 35727790000196,
            "nome": "EASY SEGUROS MEDICOS LTDA",
            "razao_social": "EASY SEGUROS MEDICOS LTDA",
            "nome_fantasia": "EASY SEGUROS MEDICOS",
            "socios": [
                {
                    "pais": null,
                    "nome_socio": "HARLAINE RIBEIRO LUNA",
                    "codigo_pais": null,
                    "faixa_etaria": "Entre 41 a 50 anos",
                    "cnpj_cpf_do_socio": "***384810**",
                    "qualificacao_socio": "Sócio-Administrador",
                    "codigo_faixa_etaria": 5,
                    "data_entrada_sociedade": "2019-12-06",
                    "identificador_de_socio": 2,
                    "cpf_representante_legal": "***000000**",
                    "nome_representante_legal": "",
                    "codigo_qualificacao_socio": 49,
                    "qualificacao_representante_legal": "Não informada",
                    "codigo_qualificacao_representante_legal": 0
                },
                {
                    "pais": null,
                    "nome_socio": "HUMBERTO DE MATTOS CARRILHO",
                    "codigo_pais": null,
                    "faixa_etaria": "Entre 51 a 60 anos",
                    "cnpj_cpf_do_socio": "***243918**",
                    "qualificacao_socio": "Sócio",
                    "codigo_faixa_etaria": 6,
                    "data_entrada_sociedade": "2020-02-20",
                    "identificador_de_socio": 2,
                    "cpf_representante_legal": "***000000**",
                    "nome_representante_legal": "",
                    "codigo_qualificacao_socio": 22,
                    "qualificacao_representante_legal": "Não informada",
                    "codigo_qualificacao_representante_legal": 0
                }
            ]
        }
    },
    {
        "data": "16/08/2024",
        "documento": "Pix",
        "doc_tipo": "texto",
        "descricao": "PIX EMITIDO OUTRA IF Pagamento Pix\n19.468.242 0001-32",
        "valor": -200.0,
        "valor_absoluto": 200.0,
        "tipo_transacao": "Débito",
        "categoria": "Pagamento Pix",
        "favorecido": "19.468.242 0001-32",
        "cpf_cnpj_parcial": "19.468.242 0001-32",
        "cod_ted": "",
        "observacao": "",
        "transferencia_interna": false,
        "instituicao": "EMITIDO OUTRA IF Pagamento Pix",
        "cnpj_extraido": "",
        "possiveis_contatos": [],
        "contato": {
            "cpf_cnpj": 19468242000132,
            "nome": "ZOOP TECNOLOGIA & INSTITUICAO DE PAGAMENTO S.A.",
            "razao_social": "ZOOP TECNOLOGIA & INSTITUICAO DE PAGAMENTO S.A.",
            "nome_fantasia": "ZOOP BRASIL",
            "socios": [
                {
                    "pais": null,
                    "nome_socio": "FABIANO TEIXEIRA DA CRUZ",
                    "codigo_pais": null,
                    "faixa_etaria": "Entre 41 a 50 anos",
                    "cnpj_cpf_do_socio": "***951767**",
                    "qualificacao_socio": "Diretor",
                    "codigo_faixa_etaria": 5,
                    "data_entrada_sociedade": "2014-01-03",
                    "identificador_de_socio": 2,
                    "cpf_representante_legal": "***000000**",
                    "nome_representante_legal": "",
                    "codigo_qualificacao_socio": 10,
                    "qualificacao_representante_legal": "Não informada",
                    "codigo_qualificacao_representante_legal": 0
                },
                {
                    "pais": null,
                    "nome_socio": "ANDRE LUIZ FONSECA DA SILVA MARTINS",
                    "codigo_pais": null,
                    "faixa_etaria": "Entre 51 a 60 anos",
                    "cnpj_cpf_do_socio": "***351418**",
                    "qualificacao_socio": "Diretor",
                    "codigo_faixa_etaria": 6,
                    "data_entrada_sociedade": "2021-05-11",
                    "identificador_de_socio": 2,
                    "cpf_representante_legal": "***000000**",
                    "nome_representante_legal": "",
                    "codigo_qualificacao_socio": 10,
                    "qualificacao_representante_legal": "Não informada",
                    "codigo_qualificacao_representante_legal": 0
                },
                {
                    "pais": null,
                    "nome_socio": "RICARDO OISHI SONODA",
                    "codigo_pais": null,
                    "faixa_etaria": "Entre 41 a 50 anos",
                    "cnpj_cpf_do_socio": "***761648**",
                    "qualificacao_socio": "Diretor",
                    "codigo_faixa_etaria": 5,
                    "data_entrada_sociedade": "2023-04-25",
                    "identificador_de_socio": 2,
                    "cpf_representante_legal": "***000000**",
                    "nome_representante_legal": "",
                    "codigo_qualificacao_socio": 10,
                    "qualificacao_representante_legal": "Não informada",
                    "codigo_qualificacao_representante_legal": 0
                }
            ]
        }
    },
    {
        "data": "16/08/2024",
        "documento": "67931272",
        "doc_tipo": "numérico",
        "descricao": "DÉB.TIT.COMPE EFETIVADO",
        "valor": -227.42,
        "valor_absoluto": 227.42,
        "tipo_transacao": "Débito",
        "categoria": "Não classificado",
        "favorecido": "",
        "cpf_cnpj_parcial": "",
        "cod_ted": "",
        "observacao": "",
        "transferencia_interna": false,
        "instituicao": "",
        "cnpj_extraido": "",
        "possiveis_contatos": [],
        "contato": {
            "cpf_cnpj": 40498567869,
            "nome": "Guilherme Borelli",
            "razao_social": "Guilherme Borelli",
            "nome_fantasia": "",
            "socios": ""
        }
    },
    {
        "data": "16/08/2024",
        "documento": "Pix",
        "doc_tipo": "texto",
        "descricao": "PIX EMITIDO OUTRA IF Pagamento Pix\n42.876.309 0001-90",
        "valor": -1070.0,
        "valor_absoluto": 1070.0,
        "tipo_transacao": "Débito",
        "categoria": "Pagamento Pix",
        "favorecido": "42.876.309 0001-90",
        "cpf_cnpj_parcial": "42.876.309 0001-90",
        "cod_ted": "",
        "observacao": "",
        "transferencia_interna": false,
        "instituicao": "EMITIDO OUTRA IF Pagamento Pix",
        "cnpj_extraido": "",
        "possiveis_contatos": [],
        "contato": {
            "cpf_cnpj": 42876309000190,
            "nome": "MICHEL ALEXANDRE DE PAULA 39977974802",
            "razao_social": "MICHEL ALEXANDRE DE PAULA 39977974802",
            "nome_fantasia": "",
            "socios": ""
        }
    },
    {
        "data": "16/08/2024",
        "documento": "Pix",
        "doc_tipo": "texto",
        "descricao": "PIX EMITIDO OUTRA IF Pagamento Pix\n***.276.298-**",
        "valor": -12239.5,
        "valor_absoluto": 12239.5,
        "tipo_transacao": "Débito",
        "categoria": "Pagamento Pix",
        "favorecido": "***.276.298-**",
        "cpf_cnpj_parcial": "***.276.298-**",
        "cod_ted": "",
        "observacao": "",
        "transferencia_interna": false,
        "instituicao": "EMITIDO OUTRA IF Pagamento Pix",
        "cnpj_extraido": "",
        "possiveis_contatos": [],
        "contato": {
            "cpf_cnpj": 41927629861,
            "nome": "Bruna Zavati Zavitoski",
            "razao_social": "Bruna Zavati Zavitoski",
            "nome_fantasia": "",
            "socios": ""
        }
    },
    {
        "data": "16/08/2024",
        "documento": "Pix",
        "doc_tipo": "texto",
        "descricao": "PIX EMITIDO OUTRA IF Pagamento Pix\n***.985.678-**\nReembolso cartoes",
        "valor": -5131.42,
        "valor_absoluto": 5131.42,
        "tipo_transacao": "Débito",
        "categoria": "Pagamento Pix",
        "favorecido": "",
        "cpf_cnpj_parcial": "***.985.678-**",
        "cod_ted": "",
        "observacao": "",
        "transferencia_interna": false,
        "instituicao": "EMITIDO OUTRA IF Pagamento Pix",
        "cnpj_extraido": "",
        "possiveis_contatos": [],
        "contato": {
            "cpf_cnpj": 40498567869,
            "nome": "Guilherme Borelli",
            "razao_social": "Guilherme Borelli",
            "nome_fantasia": "",
            "socios": ""
        }
    },
    {
        "data": "16/08/2024",
        "documento": "1089115154",
        "doc_tipo": "numérico",
        "descricao": "CR ANTECIPAÇÃO VISA SIPAG_Ant._Visa",
        "valor": 9854.44,
        "valor_absoluto": 9854.44,
        "tipo_transacao": "Crédito",
        "categoria": "Não classificado",
        "favorecido": "",
        "cpf_cnpj_parcial": "",
        "cod_ted": "",
        "observacao": "",
        "transferencia_interna": false,
        "instituicao": "",
        "cnpj_extraido": "",
        "possiveis_contatos": [],
        "contato": {
            "cpf_cnpj": 40498567869,
            "nome": "Guilherme Borelli",
            "razao_social": "Guilherme Borelli",
            "nome_fantasia": "",
            "socios": ""
        }
    },
    {
        "data": "16/08/2024",
        "documento": "1089115155",
        "doc_tipo": "numérico",
        "descricao": "CR ANTECIPAÇÃO MASTERCARD SIPAG_Ant._Mastercard",
        "valor": 9854.44,
        "valor_absoluto": 9854.44,
        "tipo_transacao": "Crédito",
        "categoria": "Não classificado",
        "favorecido": "",
        "cpf_cnpj_parcial": "",
        "cod_ted": "",
        "observacao": "",
        "transferencia_interna": false,
        "instituicao": "",
        "cnpj_extraido": "",
        "possiveis_contatos": [],
        "contato": {
            "cpf_cnpj": 40498567869,
            "nome": "Guilherme Borelli",
            "razao_social": "Guilherme Borelli",
            "nome_fantasia": "",
            "socios": ""
        }
    },
    {
        "data": "15/08/2024",
        "documento": "Pix",
        "doc_tipo": "texto",
        "descricao": "PIX EMITIDO OUTRA IF Pagamento Pix\n20.729.204 0001-75",
        "valor": -2440.0,
        "valor_absoluto": 2440.0,
        "tipo_transacao": "Débito",
        "categoria": "Pagamento Pix",
        "favorecido": "20.729.204 0001-75",
        "cpf_cnpj_parcial": "20.729.204 0001-75",
        "cod_ted": "",
        "observacao": "",
        "transferencia_interna": false,
        "instituicao": "EMITIDO OUTRA IF Pagamento Pix",
        "cnpj_extraido": "",
        "possiveis_contatos": [],
        "contato": {
            "cpf_cnpj": 20729204000175,
            "nome": "LUME LASER - EQUIPAMENTOS PARA ESTETICA LTDA",
            "razao_social": "LUME LASER - EQUIPAMENTOS PARA ESTETICA LTDA",
            "nome_fantasia": "LUME LASER LOCACOES DE EQUIPAMENTOS PARA ESTETICA",
            "socios": [
                {
                    "pais": null,
                    "nome_socio": "MARCELO AUGUSTO FARIAS JASSET",
                    "codigo_pais": null,
                    "faixa_etaria": "Entre 51 a 60 anos",
                    "cnpj_cpf_do_socio": "***878637**",
                    "qualificacao_socio": "Sócio-Administrador",
                    "codigo_faixa_etaria": 6,
                    "data_entrada_sociedade": "2016-03-21",
                    "identificador_de_socio": 2,
                    "cpf_representante_legal": "***000000**",
                    "nome_representante_legal": "",
                    "codigo_qualificacao_socio": 49,
                    "qualificacao_representante_legal": "Não informada",
                    "codigo_qualificacao_representante_legal": 0
                }
            ]
        }
    },
    {
        "data": "15/08/2024",
        "documento": "Pix",
        "doc_tipo": "texto",
        "descricao": "PIX EMITIDO OUTRA IF Pagamento Pix\n***.894.217-**",
        "valor": -1900.0,
        "valor_absoluto": 1900.0,
        "tipo_transacao": "Débito",
        "categoria": "Pagamento Pix",
        "favorecido": "***.894.217-**",
        "cpf_cnpj_parcial": "***.894.217-**",
        "cod_ted": "",
        "observacao": "",
        "transferencia_interna": false,
        "instituicao": "EMITIDO OUTRA IF Pagamento Pix",
        "cnpj_extraido": "",
        "possiveis_contatos": [],
        "contato": null
    },
    {
        "data": "14/08/2024",
        "documento": "Pix",
        "doc_tipo": "texto",
        "descricao": "PIX EMITIDO OUTRA IF Pagamento Pix\n30.383.069 0001-02",
        "valor": -24377.8,
        "valor_absoluto": 24377.8,
        "tipo_transacao": "Débito",
        "categoria": "Pagamento Pix",
        "favorecido": "30.383.069 0001-02",
        "cpf_cnpj_parcial": "30.383.069 0001-02",
        "cod_ted": "",
        "observacao": "",
        "transferencia_interna": false,
        "instituicao": "EMITIDO OUTRA IF Pagamento Pix",
        "cnpj_extraido": "",
        "possiveis_contatos": [],
        "contato": {
            "cpf_cnpj": 30383069000102,
            "nome": "PERSONALITE RECUPERACAO DE CREDITO LTDA",
            "razao_social": "PERSONALITE RECUPERACAO DE CREDITO LTDA",
            "nome_fantasia": "PERSONALITE RECUPERACAO DE CREDITO",
            "socios": [
                {
                    "pais": null,
                    "nome_socio": "FABIO LAVOR PEREIRA",
                    "codigo_pais": null,
                    "faixa_etaria": "Entre 41 a 50 anos",
                    "cnpj_cpf_do_socio": "***284857**",
                    "qualificacao_socio": "Sócio-Administrador",
                    "codigo_faixa_etaria": 5,
                    "data_entrada_sociedade": "2019-05-21",
                    "identificador_de_socio": 2,
                    "cpf_representante_legal": "***000000**",
                    "nome_representante_legal": "",
                    "codigo_qualificacao_socio": 49,
                    "qualificacao_representante_legal": "Não informada",
                    "codigo_qualificacao_representante_legal": 0
                },
                {
                    "pais": null,
                    "nome_socio": "EDSON VIEIRA XAVIER",
                    "codigo_pais": null,
                    "faixa_etaria": "Entre 41 a 50 anos",
                    "cnpj_cpf_do_socio": "***290248**",
                    "qualificacao_socio": "Sócio-Administrador",
                    "codigo_faixa_etaria": 5,
                    "data_entrada_sociedade": "2019-05-21",
                    "identificador_de_socio": 2,
                    "cpf_representante_legal": "***000000**",
                    "nome_representante_legal": "",
                    "codigo_qualificacao_socio": 49,
                    "qualificacao_representante_legal": "Não informada",
                    "codigo_qualificacao_representante_legal": 0
                }
            ]
        }
    },
    {
        "data": "14/08/2024",
        "documento": "Pix",
        "doc_tipo": "texto",
        "descricao": "PIX EMITIDO OUTRA IF Pagamento Pix\n***.688.488-**",
        "valor": -3200.0,
        "valor_absoluto": 3200.0,
        "tipo_transacao": "Débito",
        "categoria": "Pagamento Pix",
        "favorecido": "***.688.488-**",
        "cpf_cnpj_parcial": "***.688.488-**",
        "cod_ted": "",
        "observacao": "",
        "transferencia_interna": false,
        "instituicao": "EMITIDO OUTRA IF Pagamento Pix",
        "cnpj_extraido": "",
        "possiveis_contatos": [],
        "contato": null
    },
    {
        "data": "13/08/2024",
        "documento": "Pix",
        "doc_tipo": "texto",
        "descricao": "PIX EMITIDO OUTRA IF Pagamento Pix\n***.276.298-**",
        "valor": -6880.0,
        "valor_absoluto": 6880.0,
        "tipo_transacao": "Débito",
        "categoria": "Pagamento Pix",
        "favorecido": "***.276.298-**",
        "cpf_cnpj_parcial": "***.276.298-**",
        "cod_ted": "",
        "observacao": "",
        "transferencia_interna": false,
        "instituicao": "EMITIDO OUTRA IF Pagamento Pix",
        "cnpj_extraido": "",
        "possiveis_contatos": [],
        "contato": {
            "cpf_cnpj": 41927629861,
            "nome": "Bruna Zavati Zavitoski",
            "razao_social": "Bruna Zavati Zavitoski",
            "nome_fantasia": "",
            "socios": ""
        }
    },
    {
        "data": "13/08/2024",
        "documento": "1086983706",
        "doc_tipo": "numérico",
        "descricao": "CR ANTECIPAÇÃO MASTERCARD SIPAG_Ant._Mastercard",
        "valor": 23293.38,
        "valor_absoluto": 23293.38,
        "tipo_transacao": "Crédito",
        "categoria": "Não classificado",
        "favorecido": "",
        "cpf_cnpj_parcial": "",
        "cod_ted": "",
        "observacao": "",
        "transferencia_interna": false,
        "instituicao": "",
        "cnpj_extraido": "",
        "possiveis_contatos": [],
        "contato": {
            "cpf_cnpj": 40498567869,
            "nome": "Guilherme Borelli",
            "razao_social": "Guilherme Borelli",
            "nome_fantasia": "",
            "socios": ""
        }
    },
    {
        "data": "13/08/2024",
        "documento": "1086983705",
        "doc_tipo": "numérico",
        "descricao": "CR ANTECIPAÇÃO VISA SIPAG_Ant._Visa",
        "valor": 19352.99,
        "valor_absoluto": 19352.99,
        "tipo_transacao": "Crédito",
        "categoria": "Não classificado",
        "favorecido": "",
        "cpf_cnpj_parcial": "",
        "cod_ted": "",
        "observacao": "",
        "transferencia_interna": false,
        "instituicao": "",
        "cnpj_extraido": "",
        "possiveis_contatos": [],
        "contato": {
            "cpf_cnpj": 40498567869,
            "nome": "Guilherme Borelli",
            "razao_social": "Guilherme Borelli",
            "nome_fantasia": "",
            "socios": ""
        }
    },
    {
        "data": "12/08/2024",
        "documento": "Pix",
        "doc_tipo": "texto",
        "descricao": "PIX EMITIDO OUTRA IF Pagamento Pix\n***.413.468-**",
        "valor": -1900.0,
        "valor_absoluto": 1900.0,
        "tipo_transacao": "Débito",
        "categoria": "Pagamento Pix",
        "favorecido": "***.413.468-**",
        "cpf_cnpj_parcial": "***.413.468-**",
        "cod_ted": "",
        "observacao": "",
        "transferencia_interna": false,
        "instituicao": "EMITIDO OUTRA IF Pagamento Pix",
        "cnpj_extraido": "",
        "possiveis_contatos": [],
        "contato": null
    },
    {
        "data": "09/08/2024",
        "documento": "4434",
        "doc_tipo": "numérico",
        "descricao": "CRED.TRANSF.CONTAS INTERCREDIS REM.: SUELLEN D. DA S. MENDES ESTETICA\nTransferência Pix\nSUELLEN D. DA S. MENDES ESTETICA\n54.668.555 0001-35",
        "valor": 497.0,
        "valor_absoluto": 497.0,
        "tipo_transacao": "Crédito",
        "categoria": "Não classificado",
        "favorecido": "",
        "cpf_cnpj_parcial": "54.668.555 0001-35",
        "cod_ted": "",
        "observacao": "",
        "transferencia_interna": false,
        "instituicao": "SUELLEN D. DA S. MENDES ESTETICA",
        "cnpj_extraido": "",
        "possiveis_contatos": [],
        "contato": {
            "cpf_cnpj": 54668555000135,
            "nome": "SUELLEN D. DA S. MENDES ESTETICA",
            "razao_social": "SUELLEN D. DA S. MENDES ESTETICA",
            "nome_fantasia": "DRA. SUELLEN MENDES",
            "socios": ""
        }
    },
    {
        "data": "08/08/2024",
        "documento": "Pix",
        "doc_tipo": "texto",
        "descricao": "PIX EMITIDO OUTRA IF Pagamento Pix\n***.027.998-**",
        "valor": -1500.0,
        "valor_absoluto": 1500.0,
        "tipo_transacao": "Débito",
        "categoria": "Pagamento Pix",
        "favorecido": "***.027.998-**",
        "cpf_cnpj_parcial": "***.027.998-**",
        "cod_ted": "",
        "observacao": "",
        "transferencia_interna": false,
        "instituicao": "EMITIDO OUTRA IF Pagamento Pix",
        "cnpj_extraido": "",
        "possiveis_contatos": [],
        "contato": null
    },
    {
        "data": "08/08/2024",
        "documento": "Pix",
        "doc_tipo": "texto",
        "descricao": "PIX EMITIDO OUTRA IF Pagamento Pix\n***.276.298-**",
        "valor": -8063.51,
        "valor_absoluto": 8063.51,
        "tipo_transacao": "Débito",
        "categoria": "Pagamento Pix",
        "favorecido": "***.276.298-**",
        "cpf_cnpj_parcial": "***.276.298-**",
        "cod_ted": "",
        "observacao": "",
        "transferencia_interna": false,
        "instituicao": "EMITIDO OUTRA IF Pagamento Pix",
        "cnpj_extraido": "",
        "possiveis_contatos": [],
        "contato": {
            "cpf_cnpj": 41927629861,
            "nome": "Bruna Zavati Zavitoski",
            "razao_social": "Bruna Zavati Zavitoski",
            "nome_fantasia": "",
            "socios": ""
        }
    },
    {
        "data": "08/08/2024",
        "documento": "1084527951",
        "doc_tipo": "numérico",
        "descricao": "CR ANTECIPAÇÃO MASTERCARD SIPAG_Ant._Mastercard",
        "valor": 8063.15,
        "valor_absoluto": 8063.15,
        "tipo_transacao": "Crédito",
        "categoria": "Não classificado",
        "favorecido": "",
        "cpf_cnpj_parcial": "",
        "cod_ted": "",
        "observacao": "",
        "transferencia_interna": false,
        "instituicao": "",
        "cnpj_extraido": "",
        "possiveis_contatos": [],
        "contato": {
            "cpf_cnpj": 40498567869,
            "nome": "Guilherme Borelli",
            "razao_social": "Guilherme Borelli",
            "nome_fantasia": "",
            "socios": ""
        }
    },
    {
        "data": "06/08/2024",
        "documento": "Pix",
        "doc_tipo": "texto",
        "descricao": "PIX RECEBIDO - OUTRA IF Recebimento Pix\nPRISCILA SANTOS FAVARO STRUMMIELLO\n***.677.528-**",
        "valor": 497.0,
        "valor_absoluto": 497.0,
        "tipo_transacao": "Crédito",
        "categoria": "Recebimento Pix",
        "favorecido": "PRISCILA SANTOS FAVARO STRUMMIELLO",
        "cpf_cnpj_parcial": "***.677.528-**",
        "cod_ted": "",
        "observacao": "",
        "transferencia_interna": false,
        "instituicao": "RECEBIDO - OUTRA IF Recebimento Pix",
        "cnpj_extraido": "",
        "possiveis_contatos": [],
        "contato": null
    },
    {
        "data": "05/08/2024",
        "documento": "Pix",
        "doc_tipo": "texto",
        "descricao": "PIX EMITIDO OUTRA IF Pagamento Pix\n***.985.678-**",
        "valor": -3000.0,
        "valor_absoluto": 3000.0,
        "tipo_transacao": "Débito",
        "categoria": "Pagamento Pix",
        "favorecido": "***.985.678-**",
        "cpf_cnpj_parcial": "***.985.678-**",
        "cod_ted": "",
        "observacao": "",
        "transferencia_interna": false,
        "instituicao": "EMITIDO OUTRA IF Pagamento Pix",
        "cnpj_extraido": "",
        "possiveis_contatos": [],
        "contato": {
            "cpf_cnpj": 40498567869,
            "nome": "Guilherme Borelli",
            "razao_social": "Guilherme Borelli",
            "nome_fantasia": "",
            "socios": ""
        }
    },
    {
        "data": "05/08/2024",
        "documento": "1082418267",
        "doc_tipo": "numérico",
        "descricao": "CR ANTECIPAÇÃO MASTERCARD SIPAG_Ant._Mastercard",
        "valor": 472.5,
        "valor_absoluto": 472.5,
        "tipo_transacao": "Crédito",
        "categoria": "Não classificado",
        "favorecido": "",
        "cpf_cnpj_parcial": "",
        "cod_ted": "",
        "observacao": "",
        "transferencia_interna": false,
        "instituicao": "",
        "cnpj_extraido": "",
        "possiveis_contatos": [],
        "contato": {
            "cpf_cnpj": 40498567869,
            "nome": "Guilherme Borelli",
            "razao_social": "Guilherme Borelli",
            "nome_fantasia": "",
            "socios": ""
        }
    },
    {
        "data": "02/08/2024",
        "documento": "Pix",
        "doc_tipo": "texto",
        "descricao": "PIX RECEBIDO - OUTRA IF Recebimento Pix\nCAROLINE ALMEIDA LEVORCI\n***.523.890-**",
        "valor": 1000.0,
        "valor_absoluto": 1000.0,
        "tipo_transacao": "Crédito",
        "categoria": "Recebimento Pix",
        "favorecido": "CAROLINE ALMEIDA LEVORCI",
        "cpf_cnpj_parcial": "***.523.890-**",
        "cod_ted": "",
        "observacao": "",
        "transferencia_interna": false,
        "instituicao": "RECEBIDO - OUTRA IF Recebimento Pix",
        "cnpj_extraido": "",
        "possiveis_contatos": [],
        "contato": null
    },
    {
        "data": "01/08/2024",
        "documento": "67429400",
        "doc_tipo": "numérico",
        "descricao": "DÉB.TIT.COMPE EFETIVADO",
        "valor": -7809.48,
        "valor_absoluto": 7809.48,
        "tipo_transacao": "Débito",
        "categoria": "Não classificado",
        "favorecido": "",
        "cpf_cnpj_parcial": "",
        "cod_ted": "",
        "observacao": "",
        "transferencia_interna": false,
        "instituicao": "",
        "cnpj_extraido": "",
        "possiveis_contatos": [],
        "contato": {
            "cpf_cnpj": 40498567869,
            "nome": "Guilherme Borelli",
            "razao_social": "Guilherme Borelli",
            "nome_fantasia": "",
            "socios": ""
        }
    },
    {
        "data": "01/08/2024",
        "documento": "Pix",
        "doc_tipo": "texto",
        "descricao": "PIX RECEBIDO - OUTRA IF Recebimento Pix\nDaniele Sabrina da Silva\n***.254.608-**",
        "valor": 497.0,
        "valor_absoluto": 497.0,
        "tipo_transacao": "Crédito",
        "categoria": "Recebimento Pix",
        "favorecido": "Daniele Sabrina da Silva",
        "cpf_cnpj_parcial": "***.254.608-**",
        "cod_ted": "",
        "observacao": "",
        "transferencia_interna": false,
        "instituicao": "RECEBIDO - OUTRA IF Recebimento Pix",
        "cnpj_extraido": "",
        "possiveis_contatos": [],
        "contato": null
    },
    {
        "data": "01/08/2024",
        "documento": "4423",
        "doc_tipo": "numérico",
        "descricao": "CRED.TRANSF.CONTAS INTERCREDIS REM.: GABRIELI ZAGO\nTransferência Pix\nGABRIELI ZAGO\n47.105.254 0001-38",
        "valor": 497.0,
        "valor_absoluto": 497.0,
        "tipo_transacao": "Crédito",
        "categoria": "Não classificado",
        "favorecido": "",
        "cpf_cnpj_parcial": "47.105.254 0001-38",
        "cod_ted": "",
        "observacao": "",
        "transferencia_interna": false,
        "instituicao": "GABRIELI ZAGO",
        "cnpj_extraido": "",
        "possiveis_contatos": [],
        "contato": {
            "cpf_cnpj": 47105254000138,
            "nome": "INFINITY COMPANY BY GG LTDA",
            "razao_social": "INFINITY COMPANY BY GG LTDA",
            "nome_fantasia": "",
            "socios": [
                {
                    "pais": null,
                    "nome_socio": "GABRIELLE ROVARON DOS SANTOS",
                    "codigo_pais": null,
                    "faixa_etaria": "Entre 21 a 30 anos",
                    "cnpj_cpf_do_socio": "***062578**",
                    "qualificacao_socio": "Sócio-Administrador",
                    "codigo_faixa_etaria": 3,
                    "data_entrada_sociedade": "2024-09-06",
                    "identificador_de_socio": 2,
                    "cpf_representante_legal": "***000000**",
                    "nome_representante_legal": "",
                    "codigo_qualificacao_socio": 49,
                    "qualificacao_representante_legal": "Não informada",
                    "codigo_qualificacao_representante_legal": 0
                },
                {
                    "pais": null,
                    "nome_socio": "GABRIELI ZAGO",
                    "codigo_pais": null,
                    "faixa_etaria": "Entre 21 a 30 anos",
                    "cnpj_cpf_do_socio": "***836968**",
                    "qualificacao_socio": "Sócio-Administrador",
                    "codigo_faixa_etaria": 3,
                    "data_entrada_sociedade": "2024-09-06",
                    "identificador_de_socio": 2,
                    "cpf_representante_legal": "***000000**",
                    "nome_representante_legal": "",
                    "codigo_qualificacao_socio": 49,
                    "qualificacao_representante_legal": "Não informada",
                    "codigo_qualificacao_representante_legal": 0
                }
            ]
        }
    },
    {
        "data": "01/08/2024",
        "documento": "1080767848",
        "doc_tipo": "numérico",
        "descricao": "CR ANTECIPAÇÃO MASTERCARD SIPAG_Ant._Mastercard",
        "valor": 2729.55,
        "valor_absoluto": 2729.55,
        "tipo_transacao": "Crédito",
        "categoria": "Não classificado",
        "favorecido": "",
        "cpf_cnpj_parcial": "",
        "cod_ted": "",
        "observacao": "",
        "transferencia_interna": false,
        "instituicao": "",
        "cnpj_extraido": "",
        "possiveis_contatos": [],
        "contato": {
            "cpf_cnpj": 40498567869,
            "nome": "Guilherme Borelli",
            "razao_social": "Guilherme Borelli",
            "nome_fantasia": "",
            "socios": ""
        }
    },
    {
        "data": "31/07/2024",
        "documento": "",
        "doc_tipo": "texto",
        "descricao": "SALDO BLOQUEADO ANTERIOR",
        "valor": 0.0,
        "valor_absoluto": 0.0,
        "tipo_transacao": "Indefinido",
        "categoria": "Saldo/Informativo",
        "favorecido": "",
        "cpf_cnpj_parcial": "",
        "cod_ted": "",
        "observacao": "",
        "transferencia_interna": false,
        "instituicao": "",
        "cnpj_extraido": "",
        "possiveis_contatos": [],
        "contato": {
            "cpf_cnpj": 40498567869,
            "nome": "Guilherme Borelli",
            "razao_social": "Guilherme Borelli",
            "nome_fantasia": "",
            "socios": ""
        }
    },
    {
        "data": "31/07/2024",
        "documento": "",
        "doc_tipo": "texto",
        "descricao": "SALDO ANTERIOR",
        "valor": 8035.51,
        "valor_absoluto": 8035.51,
        "tipo_transacao": "Crédito",
        "categoria": "Saldo/Informativo",
        "favorecido": "",
        "cpf_cnpj_parcial": "",
        "cod_ted": "",
        "observacao": "",
        "transferencia_interna": false,
        "instituicao": "",
        "cnpj_extraido": "",
        "possiveis_contatos": [],
        "contato": {
            "cpf_cnpj": 40498567869,
            "nome": "Guilherme Borelli",
            "razao_social": "Guilherme Borelli",
            "nome_fantasia": "",
            "socios": ""
        }
    }
]