﻿"cpf_cnpj";"nome";"razao_social";"nome_fantasia";"socios";"link_type";"source_name";"link_strength";"cnpj_source";"company_source"
"03506307000157";"TICKET SOLUCOES HDFGT S/A";"TICKET SOLUCOES HDFGT S/A";"Ticket Log";"[{'nome_socio': 'Gilles Andre Coccoli', 'tipo': 'NATURAL', 'faixa_etaria': '51-60', 'tax_id': '***843778**'}, {'nome_socio': 'Douglas Almeida Pina', 'tipo': 'NATURAL', 'faixa_etaria': '51-60', 'tax_id': '***074816**'}, {'nome_socio': 'Haroldo Pimentel Stumpf', 'tipo': 'NATURAL', 'faixa_etaria': '41-50', 'tax_id': '***781420**'}, {'nome_socio': 'Philippe Pierre Marie Blecon', 'tipo': 'NATURAL', 'faixa_etaria': '51-60', 'tax_id': '***034898**'}, {'nome_socio': 'Ricardo Ernesto Correa da Silva', 'tipo': 'NATURAL', 'faixa_etaria': '51-60', 'tax_id': '***307800**'}, {'nome_socio': 'Diane Emmanuelle Anne Coliche', 'tipo': 'NATURAL', 'faixa_etaria': '41-50', 'tax_id': '***876938**'}, {'nome_socio': 'Mathieu Dehaine', 'tipo': 'NATURAL', 'faixa_etaria': '31-40', 'tax_id': '***588878**'}]";"corporate_name";"TICKET SOLUCOES HDFGT S/A";3;"03506307000157";"TICKET SOLUCOES HDFGT S/A"
"03506307000157";"TICKET SOLUCOES HDFGT S/A";"TICKET SOLUCOES HDFGT S/A";"Ticket Log";"[{'nome_socio': 'Gilles Andre Coccoli', 'tipo': 'NATURAL', 'faixa_etaria': '51-60', 'tax_id': '***843778**'}, {'nome_socio': 'Douglas Almeida Pina', 'tipo': 'NATURAL', 'faixa_etaria': '51-60', 'tax_id': '***074816**'}, {'nome_socio': 'Haroldo Pimentel Stumpf', 'tipo': 'NATURAL', 'faixa_etaria': '41-50', 'tax_id': '***781420**'}, {'nome_socio': 'Philippe Pierre Marie Blecon', 'tipo': 'NATURAL', 'faixa_etaria': '51-60', 'tax_id': '***034898**'}, {'nome_socio': 'Ricardo Ernesto Correa da Silva', 'tipo': 'NATURAL', 'faixa_etaria': '51-60', 'tax_id': '***307800**'}, {'nome_socio': 'Diane Emmanuelle Anne Coliche', 'tipo': 'NATURAL', 'faixa_etaria': '41-50', 'tax_id': '***876938**'}, {'nome_socio': 'Mathieu Dehaine', 'tipo': 'NATURAL', 'faixa_etaria': '31-40', 'tax_id': '***588878**'}]";"corporate_name";"TICKET SOLUCOES HDFGT S/A";3;"03506307000157";"TICKET SOLUCOES HDFGT S/A"
"03506307000157";"TICKET SOLUCOES HDFGT S/A";"TICKET SOLUCOES HDFGT S/A";"Ticket Log";"[{'nome_socio': 'Gilles Andre Coccoli', 'tipo': 'NATURAL', 'faixa_etaria': '51-60', 'tax_id': '***843778**'}, {'nome_socio': 'Douglas Almeida Pina', 'tipo': 'NATURAL', 'faixa_etaria': '51-60', 'tax_id': '***074816**'}, {'nome_socio': 'Haroldo Pimentel Stumpf', 'tipo': 'NATURAL', 'faixa_etaria': '41-50', 'tax_id': '***781420**'}, {'nome_socio': 'Philippe Pierre Marie Blecon', 'tipo': 'NATURAL', 'faixa_etaria': '51-60', 'tax_id': '***034898**'}, {'nome_socio': 'Ricardo Ernesto Correa da Silva', 'tipo': 'NATURAL', 'faixa_etaria': '51-60', 'tax_id': '***307800**'}, {'nome_socio': 'Diane Emmanuelle Anne Coliche', 'tipo': 'NATURAL', 'faixa_etaria': '41-50', 'tax_id': '***876938**'}, {'nome_socio': 'Mathieu Dehaine', 'tipo': 'NATURAL', 'faixa_etaria': '31-40', 'tax_id': '***588878**'}]";"corporate_name";"TICKET SOLUCOES HDFGT S/A";3;"03506307000157";"TICKET SOLUCOES HDFGT S/A"
"03506307000157";"TICKET SOLUCOES HDFGT S/A";"TICKET SOLUCOES HDFGT S/A";"Ticket Log";"[{'nome_socio': 'Gilles Andre Coccoli', 'tipo': 'NATURAL', 'faixa_etaria': '51-60', 'tax_id': '***843778**'}, {'nome_socio': 'Douglas Almeida Pina', 'tipo': 'NATURAL', 'faixa_etaria': '51-60', 'tax_id': '***074816**'}, {'nome_socio': 'Haroldo Pimentel Stumpf', 'tipo': 'NATURAL', 'faixa_etaria': '41-50', 'tax_id': '***781420**'}, {'nome_socio': 'Philippe Pierre Marie Blecon', 'tipo': 'NATURAL', 'faixa_etaria': '51-60', 'tax_id': '***034898**'}, {'nome_socio': 'Ricardo Ernesto Correa da Silva', 'tipo': 'NATURAL', 'faixa_etaria': '51-60', 'tax_id': '***307800**'}, {'nome_socio': 'Diane Emmanuelle Anne Coliche', 'tipo': 'NATURAL', 'faixa_etaria': '41-50', 'tax_id': '***876938**'}, {'nome_socio': 'Mathieu Dehaine', 'tipo': 'NATURAL', 'faixa_etaria': '31-40', 'tax_id': '***588878**'}]";"corporate_name";"TICKET SOLUCOES HDFGT S/A";3;"03506307000157";"TICKET SOLUCOES HDFGT S/A"
"03506307000157";"TICKET SOLUCOES HDFGT S/A";"TICKET SOLUCOES HDFGT S/A";"Ticket Log";"[{'nome_socio': 'Gilles Andre Coccoli', 'tipo': 'NATURAL', 'faixa_etaria': '51-60', 'tax_id': '***843778**'}, {'nome_socio': 'Douglas Almeida Pina', 'tipo': 'NATURAL', 'faixa_etaria': '51-60', 'tax_id': '***074816**'}, {'nome_socio': 'Haroldo Pimentel Stumpf', 'tipo': 'NATURAL', 'faixa_etaria': '41-50', 'tax_id': '***781420**'}, {'nome_socio': 'Philippe Pierre Marie Blecon', 'tipo': 'NATURAL', 'faixa_etaria': '51-60', 'tax_id': '***034898**'}, {'nome_socio': 'Ricardo Ernesto Correa da Silva', 'tipo': 'NATURAL', 'faixa_etaria': '51-60', 'tax_id': '***307800**'}, {'nome_socio': 'Diane Emmanuelle Anne Coliche', 'tipo': 'NATURAL', 'faixa_etaria': '41-50', 'tax_id': '***876938**'}, {'nome_socio': 'Mathieu Dehaine', 'tipo': 'NATURAL', 'faixa_etaria': '31-40', 'tax_id': '***588878**'}]";"corporate_name";"TICKET SOLUCOES HDFGT S/A";3;"03506307000157";"TICKET SOLUCOES HDFGT S/A"
"03506307000157";"TICKET SOLUCOES HDFGT S/A";"TICKET SOLUCOES HDFGT S/A";"Ticket Log";"[{'nome_socio': 'Gilles Andre Coccoli', 'tipo': 'NATURAL', 'faixa_etaria': '51-60', 'tax_id': '***843778**'}, {'nome_socio': 'Douglas Almeida Pina', 'tipo': 'NATURAL', 'faixa_etaria': '51-60', 'tax_id': '***074816**'}, {'nome_socio': 'Haroldo Pimentel Stumpf', 'tipo': 'NATURAL', 'faixa_etaria': '41-50', 'tax_id': '***781420**'}, {'nome_socio': 'Philippe Pierre Marie Blecon', 'tipo': 'NATURAL', 'faixa_etaria': '51-60', 'tax_id': '***034898**'}, {'nome_socio': 'Ricardo Ernesto Correa da Silva', 'tipo': 'NATURAL', 'faixa_etaria': '51-60', 'tax_id': '***307800**'}, {'nome_socio': 'Diane Emmanuelle Anne Coliche', 'tipo': 'NATURAL', 'faixa_etaria': '41-50', 'tax_id': '***876938**'}, {'nome_socio': 'Mathieu Dehaine', 'tipo': 'NATURAL', 'faixa_etaria': '31-40', 'tax_id': '***588878**'}]";"corporate_name";"TICKET SOLUCOES HDFGT S/A";3;"03506307000157";"TICKET SOLUCOES HDFGT S/A"
"03506307000157";"TICKET SOLUCOES HDFGT S/A";"TICKET SOLUCOES HDFGT S/A";"Ticket Log";"[{'nome_socio': 'Gilles Andre Coccoli', 'tipo': 'NATURAL', 'faixa_etaria': '51-60', 'tax_id': '***843778**'}, {'nome_socio': 'Douglas Almeida Pina', 'tipo': 'NATURAL', 'faixa_etaria': '51-60', 'tax_id': '***074816**'}, {'nome_socio': 'Haroldo Pimentel Stumpf', 'tipo': 'NATURAL', 'faixa_etaria': '41-50', 'tax_id': '***781420**'}, {'nome_socio': 'Philippe Pierre Marie Blecon', 'tipo': 'NATURAL', 'faixa_etaria': '51-60', 'tax_id': '***034898**'}, {'nome_socio': 'Ricardo Ernesto Correa da Silva', 'tipo': 'NATURAL', 'faixa_etaria': '51-60', 'tax_id': '***307800**'}, {'nome_socio': 'Diane Emmanuelle Anne Coliche', 'tipo': 'NATURAL', 'faixa_etaria': '41-50', 'tax_id': '***876938**'}, {'nome_socio': 'Mathieu Dehaine', 'tipo': 'NATURAL', 'faixa_etaria': '31-40', 'tax_id': '***588878**'}]";"corporate_name";"TICKET SOLUCOES HDFGT S/A";3;"03506307000157";"TICKET SOLUCOES HDFGT S/A"
"03506307000157";"TICKET SOLUCOES HDFGT S/A";"TICKET SOLUCOES HDFGT S/A";"Ticket Log";"[{'nome_socio': 'Gilles Andre Coccoli', 'tipo': 'NATURAL', 'faixa_etaria': '51-60', 'tax_id': '***843778**'}, {'nome_socio': 'Douglas Almeida Pina', 'tipo': 'NATURAL', 'faixa_etaria': '51-60', 'tax_id': '***074816**'}, {'nome_socio': 'Haroldo Pimentel Stumpf', 'tipo': 'NATURAL', 'faixa_etaria': '41-50', 'tax_id': '***781420**'}, {'nome_socio': 'Philippe Pierre Marie Blecon', 'tipo': 'NATURAL', 'faixa_etaria': '51-60', 'tax_id': '***034898**'}, {'nome_socio': 'Ricardo Ernesto Correa da Silva', 'tipo': 'NATURAL', 'faixa_etaria': '51-60', 'tax_id': '***307800**'}, {'nome_socio': 'Diane Emmanuelle Anne Coliche', 'tipo': 'NATURAL', 'faixa_etaria': '41-50', 'tax_id': '***876938**'}, {'nome_socio': 'Mathieu Dehaine', 'tipo': 'NATURAL', 'faixa_etaria': '31-40', 'tax_id': '***588878**'}]";"corporate_name";"TICKET SOLUCOES HDFGT S/A";3;"03506307000157";"TICKET SOLUCOES HDFGT S/A"
"03506307000157";"TICKET SOLUCOES HDFGT S/A";"TICKET SOLUCOES HDFGT S/A";"Ticket Log";"[{'nome_socio': 'Gilles Andre Coccoli', 'tipo': 'NATURAL', 'faixa_etaria': '51-60', 'tax_id': '***843778**'}, {'nome_socio': 'Douglas Almeida Pina', 'tipo': 'NATURAL', 'faixa_etaria': '51-60', 'tax_id': '***074816**'}, {'nome_socio': 'Haroldo Pimentel Stumpf', 'tipo': 'NATURAL', 'faixa_etaria': '41-50', 'tax_id': '***781420**'}, {'nome_socio': 'Philippe Pierre Marie Blecon', 'tipo': 'NATURAL', 'faixa_etaria': '51-60', 'tax_id': '***034898**'}, {'nome_socio': 'Ricardo Ernesto Correa da Silva', 'tipo': 'NATURAL', 'faixa_etaria': '51-60', 'tax_id': '***307800**'}, {'nome_socio': 'Diane Emmanuelle Anne Coliche', 'tipo': 'NATURAL', 'faixa_etaria': '41-50', 'tax_id': '***876938**'}, {'nome_socio': 'Mathieu Dehaine', 'tipo': 'NATURAL', 'faixa_etaria': '31-40', 'tax_id': '***588878**'}]";"corporate_name";"TICKET SOLUCOES HDFGT S/A";3;"03506307000157";"TICKET SOLUCOES HDFGT S/A"
"03506307000157";"TICKET SOLUCOES HDFGT S/A";"TICKET SOLUCOES HDFGT S/A";"Ticket Log";"[{'nome_socio': 'Gilles Andre Coccoli', 'tipo': 'NATURAL', 'faixa_etaria': '51-60', 'tax_id': '***843778**'}, {'nome_socio': 'Douglas Almeida Pina', 'tipo': 'NATURAL', 'faixa_etaria': '51-60', 'tax_id': '***074816**'}, {'nome_socio': 'Haroldo Pimentel Stumpf', 'tipo': 'NATURAL', 'faixa_etaria': '41-50', 'tax_id': '***781420**'}, {'nome_socio': 'Philippe Pierre Marie Blecon', 'tipo': 'NATURAL', 'faixa_etaria': '51-60', 'tax_id': '***034898**'}, {'nome_socio': 'Ricardo Ernesto Correa da Silva', 'tipo': 'NATURAL', 'faixa_etaria': '51-60', 'tax_id': '***307800**'}, {'nome_socio': 'Diane Emmanuelle Anne Coliche', 'tipo': 'NATURAL', 'faixa_etaria': '41-50', 'tax_id': '***876938**'}, {'nome_socio': 'Mathieu Dehaine', 'tipo': 'NATURAL', 'faixa_etaria': '31-40', 'tax_id': '***588878**'}]";"corporate_name";"TICKET SOLUCOES HDFGT S/A";3;"03506307000157";"TICKET SOLUCOES HDFGT S/A"
"03506307000157";"TICKET SOLUCOES HDFGT S/A";"TICKET SOLUCOES HDFGT S/A";"Ticket Log";"[{'nome_socio': 'Gilles Andre Coccoli', 'tipo': 'NATURAL', 'faixa_etaria': '51-60', 'tax_id': '***843778**'}, {'nome_socio': 'Douglas Almeida Pina', 'tipo': 'NATURAL', 'faixa_etaria': '51-60', 'tax_id': '***074816**'}, {'nome_socio': 'Haroldo Pimentel Stumpf', 'tipo': 'NATURAL', 'faixa_etaria': '41-50', 'tax_id': '***781420**'}, {'nome_socio': 'Philippe Pierre Marie Blecon', 'tipo': 'NATURAL', 'faixa_etaria': '51-60', 'tax_id': '***034898**'}, {'nome_socio': 'Ricardo Ernesto Correa da Silva', 'tipo': 'NATURAL', 'faixa_etaria': '51-60', 'tax_id': '***307800**'}, {'nome_socio': 'Diane Emmanuelle Anne Coliche', 'tipo': 'NATURAL', 'faixa_etaria': '41-50', 'tax_id': '***876938**'}, {'nome_socio': 'Mathieu Dehaine', 'tipo': 'NATURAL', 'faixa_etaria': '31-40', 'tax_id': '***588878**'}]";"corporate_name";"TICKET SOLUCOES HDFGT S/A";3;"03506307000157";"TICKET SOLUCOES HDFGT S/A"
"03506307000157";"TICKET SOLUCOES HDFGT S/A";"TICKET SOLUCOES HDFGT S/A";"Ticket Log";"[{'nome_socio': 'Gilles Andre Coccoli', 'tipo': 'NATURAL', 'faixa_etaria': '51-60', 'tax_id': '***843778**'}, {'nome_socio': 'Douglas Almeida Pina', 'tipo': 'NATURAL', 'faixa_etaria': '51-60', 'tax_id': '***074816**'}, {'nome_socio': 'Haroldo Pimentel Stumpf', 'tipo': 'NATURAL', 'faixa_etaria': '41-50', 'tax_id': '***781420**'}, {'nome_socio': 'Philippe Pierre Marie Blecon', 'tipo': 'NATURAL', 'faixa_etaria': '51-60', 'tax_id': '***034898**'}, {'nome_socio': 'Ricardo Ernesto Correa da Silva', 'tipo': 'NATURAL', 'faixa_etaria': '51-60', 'tax_id': '***307800**'}, {'nome_socio': 'Diane Emmanuelle Anne Coliche', 'tipo': 'NATURAL', 'faixa_etaria': '41-50', 'tax_id': '***876938**'}, {'nome_socio': 'Mathieu Dehaine', 'tipo': 'NATURAL', 'faixa_etaria': '31-40', 'tax_id': '***588878**'}]";"corporate_name";"TICKET SOLUCOES HDFGT S/A";3;"03506307000157";"TICKET SOLUCOES HDFGT S/A"
"19468242000132";"ZOOP TECNOLOGIA & INSTITUICAO DE PAGAMENTO S.A.";"ZOOP TECNOLOGIA & INSTITUICAO DE PAGAMENTO S.A.";"Zoop Brasil";"[{'nome_socio': 'Fabiano Teixeira da Cruz', 'tipo': 'NATURAL', 'faixa_etaria': '41-50', 'tax_id': '***951767**'}, {'nome_socio': 'Ricardo Oishi Sonoda', 'tipo': 'NATURAL', 'faixa_etaria': '51-60', 'tax_id': '***761648**'}, {'nome_socio': 'Andre Luiz Fonseca da Silva Martins', 'tipo': 'NATURAL', 'faixa_etaria': '51-60', 'tax_id': '***351418**'}]";"corporate_name";"ZOOP TECNOLOGIA & INSTITUICAO DE PAGAMENTO S.A.";4;"19468242000132";"ZOOP TECNOLOGIA & INSTITUICAO DE PAGAMENTO S.A."
"20729204000175";"LUME LASER - EQUIPAMENTOS PARA ESTETICA LTDA";"LUME LASER - EQUIPAMENTOS PARA ESTETICA LTDA";"Lume Laser Locacoes de Equipamentos Para Estetica";"[{'nome_socio': 'Marcelo Augusto Farias Jasset', 'tipo': 'NATURAL', 'faixa_etaria': '51-60', 'tax_id': '***878637**'}]";"corporate_name";"LUME LASER - EQUIPAMENTOS PARA ESTETICA LTDA";6;"20729204000175";"LUME LASER - EQUIPAMENTOS PARA ESTETICA LTDA"
"40710160000149";"MARIANA LUCHIN DERMATOLOGIA E ESTETICA LTDA";"MARIANA LUCHIN DERMATOLOGIA E ESTETICA LTDA";"Mariana Luchin Dermatologia";"[{'nome_socio': 'Mariana Luchin Diniz Silva', 'tipo': 'NATURAL', 'faixa_etaria': '31-40', 'tax_id': '***769198**'}]";"corporate_name";"LUME LASER - EQUIPAMENTOS PARA ESTETICA LTDA";2;"20729204000175";"LUME LASER - EQUIPAMENTOS PARA ESTETICA LTDA"
"10397739000132";"W. A. LASER COMERCIO MANUTENCAO E LOCACAO DE EQUIPAMENTOS MEDICOS LTDA";"W. A. LASER COMERCIO MANUTENCAO E LOCACAO DE EQUIPAMENTOS MEDICOS LTDA";"Wa Laser";"[{'nome_socio': 'William Barreto Cardoso', 'tipo': 'NATURAL', 'faixa_etaria': '41-50', 'tax_id': '***911628**'}, {'nome_socio': 'Adalto Carvalho Sampaio', 'tipo': 'NATURAL', 'faixa_etaria': '41-50', 'tax_id': '***130378**'}]";"corporate_name";"LUME LASER - EQUIPAMENTOS PARA ESTETICA LTDA";3;"20729204000175";"LUME LASER - EQUIPAMENTOS PARA ESTETICA LTDA"
"31463285000120";"ANA SANCHES COSMETICOS E ESTETICA LTDA";"ANA SANCHES COSMETICOS E ESTETICA LTDA";"";"[{'nome_socio': 'Samantha Regina Galo Sanches', 'tipo': 'NATURAL', 'faixa_etaria': '41-50', 'tax_id': '***860808**'}, {'nome_socio': 'Newton Sanches Junior', 'tipo': 'NATURAL', 'faixa_etaria': '51-60', 'tax_id': '***368348**'}]";"corporate_name";"LUME LASER - EQUIPAMENTOS PARA ESTETICA LTDA";2;"20729204000175";"LUME LASER - EQUIPAMENTOS PARA ESTETICA LTDA"
"40656554000166";"INSTITUTO VIA ESTETICA LTDA";"INSTITUTO VIA ESTETICA LTDA";"";"[{'nome_socio': 'Marcela Patera Ribeiro dos Santos', 'tipo': 'NATURAL', 'faixa_etaria': '31-40', 'tax_id': '***970208**'}, {'nome_socio': 'Mariela Scheren', 'tipo': 'NATURAL', 'faixa_etaria': '41-50', 'tax_id': '***791580**'}]";"corporate_name";"LUME LASER - EQUIPAMENTOS PARA ESTETICA LTDA";2;"20729204000175";"LUME LASER - EQUIPAMENTOS PARA ESTETICA LTDA"
"40901286000109";"CLINICA DE ESTETICA JUNDIAI LTDA";"CLINICA DE ESTETICA JUNDIAI LTDA";"";"[{'nome_socio': 'Thiago Luis Venturi', 'tipo': 'NATURAL', 'faixa_etaria': '31-40', 'tax_id': '***141728**'}]";"corporate_name";"LUME LASER - EQUIPAMENTOS PARA ESTETICA LTDA";2;"20729204000175";"LUME LASER - EQUIPAMENTOS PARA ESTETICA LTDA"
"46995444000105";"LUANA ARAUJO BIOMEDICINA ESTETICA LTDA";"LUANA ARAUJO BIOMEDICINA ESTETICA LTDA";"";"[{'nome_socio': 'Luana da Silva Araujo', 'tipo': 'NATURAL', 'faixa_etaria': '31-40', 'tax_id': '***599508**'}]";"corporate_name";"LUME LASER - EQUIPAMENTOS PARA ESTETICA LTDA";2;"20729204000175";"LUME LASER - EQUIPAMENTOS PARA ESTETICA LTDA"
"20729204000175";"LUME LASER - EQUIPAMENTOS PARA ESTETICA LTDA";"LUME LASER - EQUIPAMENTOS PARA ESTETICA LTDA";"Lume Laser Locacoes de Equipamentos Para Estetica";"[{'nome_socio': 'Marcelo Augusto Farias Jasset', 'tipo': 'NATURAL', 'faixa_etaria': '51-60', 'tax_id': '***878637**'}]";"trade_name";"Lume Laser Locacoes de Equipamentos Para Estetica";5;"20729204000175";"LUME LASER - EQUIPAMENTOS PARA ESTETICA LTDA"
"10397739000132";"W. A. LASER COMERCIO MANUTENCAO E LOCACAO DE EQUIPAMENTOS MEDICOS LTDA";"W. A. LASER COMERCIO MANUTENCAO E LOCACAO DE EQUIPAMENTOS MEDICOS LTDA";"Wa Laser";"[{'nome_socio': 'William Barreto Cardoso', 'tipo': 'NATURAL', 'faixa_etaria': '41-50', 'tax_id': '***911628**'}, {'nome_socio': 'Adalto Carvalho Sampaio', 'tipo': 'NATURAL', 'faixa_etaria': '41-50', 'tax_id': '***130378**'}]";"trade_name";"Lume Laser Locacoes de Equipamentos Para Estetica";2;"20729204000175";"LUME LASER - EQUIPAMENTOS PARA ESTETICA LTDA"
"30383069000102";"PERSONALITE RECUPERACAO DE CREDITO LTDA";"PERSONALITE RECUPERACAO DE CREDITO LTDA";"Personalite Recuperacao de Credito";"[{'nome_socio': 'Edson Vieira Xavier', 'tipo': 'NATURAL', 'faixa_etaria': '41-50', 'tax_id': '***290248**'}, {'nome_socio': 'Fabio Lavor Pereira', 'tipo': 'NATURAL', 'faixa_etaria': '41-50', 'tax_id': '***284857**'}]";"corporate_name";"PERSONALITE RECUPERACAO DE CREDITO LTDA";4;"30383069000102";"PERSONALITE RECUPERACAO DE CREDITO LTDA"
"30383069000102";"PERSONALITE RECUPERACAO DE CREDITO LTDA";"PERSONALITE RECUPERACAO DE CREDITO LTDA";"Personalite Recuperacao de Credito";"[{'nome_socio': 'Edson Vieira Xavier', 'tipo': 'NATURAL', 'faixa_etaria': '41-50', 'tax_id': '***290248**'}, {'nome_socio': 'Fabio Lavor Pereira', 'tipo': 'NATURAL', 'faixa_etaria': '41-50', 'tax_id': '***284857**'}]";"trade_name";"Personalite Recuperacao de Credito";3;"30383069000102";"PERSONALITE RECUPERACAO DE CREDITO LTDA"
"35727790000196";"EASY SEGUROS MEDICOS LTDA";"EASY SEGUROS MEDICOS LTDA";"Easy Seguros Medicos";"[{'nome_socio': 'Humberto de Mattos Carrilho', 'tipo': 'NATURAL', 'faixa_etaria': '51-60', 'tax_id': '***243918**'}, {'nome_socio': 'Harlaine Ribeiro Luna', 'tipo': 'NATURAL', 'faixa_etaria': '41-50', 'tax_id': '***384810**'}]";"corporate_name";"EASY SEGUROS MEDICOS LTDA";4;"35727790000196";"EASY SEGUROS MEDICOS LTDA"
"52305548000143";"RHTZ SERVICOS MEDICOS LTDA";"RHTZ SERVICOS MEDICOS LTDA";"Rhtz Servicos Medicos";"[{'nome_socio': 'Tarek Abdul Latif Majzoub', 'tipo': 'NATURAL', 'faixa_etaria': '31-40', 'tax_id': '***137738**'}]";"corporate_name";"EASY SEGUROS MEDICOS LTDA";2;"35727790000196";"EASY SEGUROS MEDICOS LTDA"
"10397739000132";"W. A. LASER COMERCIO MANUTENCAO E LOCACAO DE EQUIPAMENTOS MEDICOS LTDA";"W. A. LASER COMERCIO MANUTENCAO E LOCACAO DE EQUIPAMENTOS MEDICOS LTDA";"Wa Laser";"[{'nome_socio': 'William Barreto Cardoso', 'tipo': 'NATURAL', 'faixa_etaria': '41-50', 'tax_id': '***911628**'}, {'nome_socio': 'Adalto Carvalho Sampaio', 'tipo': 'NATURAL', 'faixa_etaria': '41-50', 'tax_id': '***130378**'}]";"corporate_name";"EASY SEGUROS MEDICOS LTDA";2;"35727790000196";"EASY SEGUROS MEDICOS LTDA"
"35727790000196";"EASY SEGUROS MEDICOS LTDA";"EASY SEGUROS MEDICOS LTDA";"Easy Seguros Medicos";"[{'nome_socio': 'Humberto de Mattos Carrilho', 'tipo': 'NATURAL', 'faixa_etaria': '51-60', 'tax_id': '***243918**'}, {'nome_socio': 'Harlaine Ribeiro Luna', 'tipo': 'NATURAL', 'faixa_etaria': '41-50', 'tax_id': '***384810**'}]";"trade_name";"Easy Seguros Medicos";3;"35727790000196";"EASY SEGUROS MEDICOS LTDA"
"42876309000190";"MICHEL ALEXANDRE DE PAULA 39977974802";"MICHEL ALEXANDRE DE PAULA 39977974802";"";"";"corporate_name";"MICHEL ALEXANDRE DE PAULA 39977974802";4;"42876309000190";"MICHEL ALEXANDRE DE PAULA 39977974802"
"00000000597878";"Rennan Alexandre de Paula";"";"";"";"corporate_name";"MICHEL ALEXANDRE DE PAULA 39977974802";2;"42876309000190";"MICHEL ALEXANDRE DE PAULA 39977974802"
"44388803000130";"MMG LOCACAO DE MAQUINAS LTDA";"MMG LOCACAO DE MAQUINAS LTDA";"";"[{'nome_socio': 'Guilherme Borelli', 'tipo': 'NATURAL', 'faixa_etaria': '31-40', 'tax_id': '***985678**'}, {'nome_socio': 'Marcus Vinicius Machado Goncalves', 'tipo': 'NATURAL', 'faixa_etaria': '31-40', 'tax_id': '***877988**'}]";"corporate_name";"MMG LOCACAO DE MAQUINAS LTDA";4;"44388803000130";"MMG LOCACAO DE MAQUINAS LTDA"
"10397739000132";"W. A. LASER COMERCIO MANUTENCAO E LOCACAO DE EQUIPAMENTOS MEDICOS LTDA";"W. A. LASER COMERCIO MANUTENCAO E LOCACAO DE EQUIPAMENTOS MEDICOS LTDA";"Wa Laser";"[{'nome_socio': 'William Barreto Cardoso', 'tipo': 'NATURAL', 'faixa_etaria': '41-50', 'tax_id': '***911628**'}, {'nome_socio': 'Adalto Carvalho Sampaio', 'tipo': 'NATURAL', 'faixa_etaria': '41-50', 'tax_id': '***130378**'}]";"corporate_name";"MMG LOCACAO DE MAQUINAS LTDA";2;"44388803000130";"MMG LOCACAO DE MAQUINAS LTDA"
"40498567869";"Guilherme Borelli";"Guilherme Borelli";"";"";"partner";"Guilherme Borelli";2;"44388803000130";"MMG LOCACAO DE MAQUINAS LTDA"
"31687798818";"Marcus Vinicius Machado Gonçalves";"Marcus Vinicius Machado Gonçalves";"";"";"partner";"Marcus Vinicius Machado Goncalves";4;"44388803000130";"MMG LOCACAO DE MAQUINAS LTDA"
"47105254000138";"INFINITY COMPANY BY GG LTDA";"INFINITY COMPANY BY GG LTDA";"";"[{'nome_socio': 'Gabrieli Zago', 'tipo': 'NATURAL', 'faixa_etaria': '21-30', 'tax_id': '***836968**'}]";"corporate_name";"INFINITY COMPANY BY GG LTDA";3;"47105254000138";"INFINITY COMPANY BY GG LTDA"
"43327671000174";"INFINITY CARE MED LOCACOES LTDA";"INFINITY CARE MED LOCACOES LTDA";"Infinity Care";"[{'nome_socio': 'Ivanildo Gomes Cazumba', 'tipo': 'NATURAL', 'faixa_etaria': '51-60', 'tax_id': '***845561**'}]";"corporate_name";"INFINITY COMPANY BY GG LTDA";2;"47105254000138";"INFINITY COMPANY BY GG LTDA"
"54668555000135";"SUELLEN D. DA S. MENDES ESTETICA";"SUELLEN D. DA S. MENDES ESTETICA";"Dra. Suellen Mendes";"";"corporate_name";"SUELLEN D. DA S. MENDES ESTETICA";3;"54668555000135";"SUELLEN D. DA S. MENDES ESTETICA"
"54668555000135";"SUELLEN D. DA S. MENDES ESTETICA";"SUELLEN D. DA S. MENDES ESTETICA";"Dra. Suellen Mendes";"";"trade_name";"Dra. Suellen Mendes";2;"54668555000135";"SUELLEN D. DA S. MENDES ESTETICA"
"01515951000166";"Chiarelli Contabilidade S/S LTDA";"";"";"";"corporate_name";"CHIARELLI CONTABILIDADE S/S LTDA";3;"01515951000166";"CHIARELLI CONTABILIDADE S/S LTDA"
"01515951000166";"CHIARELLI CONTABILIDADE S/S LTDA";"CHIARELLI CONTABILIDADE S/S LTDA";"Chiarelli Contabilidade";"[{'nome_socio': 'Orlando Chiarelli', 'tipo': 'NATURAL', 'faixa_etaria': '51-60', 'tax_id': '***121799**'}, {'nome_socio': 'Marcos Cardoso de Moraes', 'tipo': 'NATURAL', 'faixa_etaria': '41-50', 'tax_id': '***233288**'}]";"corporate_name";"CHIARELLI CONTABILIDADE S/S LTDA";3;"01515951000166";"CHIARELLI CONTABILIDADE S/S LTDA"
"01515951000166";"CHIARELLI CONTABILIDADE S/S LTDA";"CHIARELLI CONTABILIDADE S/S LTDA";"Chiarelli Contabilidade";"[{'nome_socio': 'Orlando Chiarelli', 'tipo': 'NATURAL', 'faixa_etaria': '51-60', 'tax_id': '***121799**'}, {'nome_socio': 'Marcos Cardoso de Moraes', 'tipo': 'NATURAL', 'faixa_etaria': '41-50', 'tax_id': '***233288**'}]";"corporate_name";"CHIARELLI CONTABILIDADE S/S LTDA";3;"01515951000166";"CHIARELLI CONTABILIDADE S/S LTDA"
"01515951000166";"CHIARELLI CONTABILIDADE S/S LTDA";"CHIARELLI CONTABILIDADE S/S LTDA";"Chiarelli Contabilidade";"[{'nome_socio': 'Orlando Chiarelli', 'tipo': 'NATURAL', 'faixa_etaria': '51-60', 'tax_id': '***121799**'}, {'nome_socio': 'Marcos Cardoso de Moraes', 'tipo': 'NATURAL', 'faixa_etaria': '41-50', 'tax_id': '***233288**'}]";"corporate_name";"CHIARELLI CONTABILIDADE S/S LTDA";3;"01515951000166";"CHIARELLI CONTABILIDADE S/S LTDA"
"01515951000166";"CHIARELLI CONTABILIDADE S/S LTDA";"CHIARELLI CONTABILIDADE S/S LTDA";"Chiarelli Contabilidade";"[{'nome_socio': 'Orlando Chiarelli', 'tipo': 'NATURAL', 'faixa_etaria': '51-60', 'tax_id': '***121799**'}, {'nome_socio': 'Marcos Cardoso de Moraes', 'tipo': 'NATURAL', 'faixa_etaria': '41-50', 'tax_id': '***233288**'}]";"corporate_name";"CHIARELLI CONTABILIDADE S/S LTDA";3;"01515951000166";"CHIARELLI CONTABILIDADE S/S LTDA"
"01515951000166";"CHIARELLI CONTABILIDADE S/S LTDA";"CHIARELLI CONTABILIDADE S/S LTDA";"Chiarelli Contabilidade";"[{'nome_socio': 'Orlando Chiarelli', 'tipo': 'NATURAL', 'faixa_etaria': '51-60', 'tax_id': '***121799**'}, {'nome_socio': 'Marcos Cardoso de Moraes', 'tipo': 'NATURAL', 'faixa_etaria': '41-50', 'tax_id': '***233288**'}]";"corporate_name";"CHIARELLI CONTABILIDADE S/S LTDA";3;"01515951000166";"CHIARELLI CONTABILIDADE S/S LTDA"
"01515951000166";"CHIARELLI CONTABILIDADE S/S LTDA";"CHIARELLI CONTABILIDADE S/S LTDA";"Chiarelli Contabilidade";"[{'nome_socio': 'Orlando Chiarelli', 'tipo': 'NATURAL', 'faixa_etaria': '51-60', 'tax_id': '***121799**'}, {'nome_socio': 'Marcos Cardoso de Moraes', 'tipo': 'NATURAL', 'faixa_etaria': '41-50', 'tax_id': '***233288**'}]";"corporate_name";"CHIARELLI CONTABILIDADE S/S LTDA";3;"01515951000166";"CHIARELLI CONTABILIDADE S/S LTDA"
"01515951000166";"CHIARELLI CONTABILIDADE S/S LTDA";"CHIARELLI CONTABILIDADE S/S LTDA";"Chiarelli Contabilidade";"[{'nome_socio': 'Orlando Chiarelli', 'tipo': 'NATURAL', 'faixa_etaria': '51-60', 'tax_id': '***121799**'}, {'nome_socio': 'Marcos Cardoso de Moraes', 'tipo': 'NATURAL', 'faixa_etaria': '41-50', 'tax_id': '***233288**'}]";"corporate_name";"CHIARELLI CONTABILIDADE S/S LTDA";3;"01515951000166";"CHIARELLI CONTABILIDADE S/S LTDA"
"01515951000166";"CHIARELLI CONTABILIDADE S/S LTDA";"CHIARELLI CONTABILIDADE S/S LTDA";"Chiarelli Contabilidade";"[{'nome_socio': 'Orlando Chiarelli', 'tipo': 'NATURAL', 'faixa_etaria': '51-60', 'tax_id': '***121799**'}, {'nome_socio': 'Marcos Cardoso de Moraes', 'tipo': 'NATURAL', 'faixa_etaria': '41-50', 'tax_id': '***233288**'}]";"corporate_name";"CHIARELLI CONTABILIDADE S/S LTDA";3;"01515951000166";"CHIARELLI CONTABILIDADE S/S LTDA"
"01515951000166";"CHIARELLI CONTABILIDADE S/S LTDA";"CHIARELLI CONTABILIDADE S/S LTDA";"Chiarelli Contabilidade";"[{'nome_socio': 'Orlando Chiarelli', 'tipo': 'NATURAL', 'faixa_etaria': '51-60', 'tax_id': '***121799**'}, {'nome_socio': 'Marcos Cardoso de Moraes', 'tipo': 'NATURAL', 'faixa_etaria': '41-50', 'tax_id': '***233288**'}]";"corporate_name";"CHIARELLI CONTABILIDADE S/S LTDA";3;"01515951000166";"CHIARELLI CONTABILIDADE S/S LTDA"
"01515951000166";"CHIARELLI CONTABILIDADE S/S LTDA";"CHIARELLI CONTABILIDADE S/S LTDA";"Chiarelli Contabilidade";"[{'nome_socio': 'Orlando Chiarelli', 'tipo': 'NATURAL', 'faixa_etaria': '51-60', 'tax_id': '***121799**'}, {'nome_socio': 'Marcos Cardoso de Moraes', 'tipo': 'NATURAL', 'faixa_etaria': '41-50', 'tax_id': '***233288**'}]";"corporate_name";"CHIARELLI CONTABILIDADE S/S LTDA";3;"01515951000166";"CHIARELLI CONTABILIDADE S/S LTDA"
"01515951000166";"CHIARELLI CONTABILIDADE S/S LTDA";"CHIARELLI CONTABILIDADE S/S LTDA";"Chiarelli Contabilidade";"[{'nome_socio': 'Orlando Chiarelli', 'tipo': 'NATURAL', 'faixa_etaria': '51-60', 'tax_id': '***121799**'}, {'nome_socio': 'Marcos Cardoso de Moraes', 'tipo': 'NATURAL', 'faixa_etaria': '41-50', 'tax_id': '***233288**'}]";"corporate_name";"CHIARELLI CONTABILIDADE S/S LTDA";3;"01515951000166";"CHIARELLI CONTABILIDADE S/S LTDA"
"01515951000166";"Chiarelli Contabilidade S/S LTDA";"";"";"";"trade_name";"Chiarelli Contabilidade";2;"01515951000166";"CHIARELLI CONTABILIDADE S/S LTDA"
"01515951000166";"CHIARELLI CONTABILIDADE S/S LTDA";"CHIARELLI CONTABILIDADE S/S LTDA";"Chiarelli Contabilidade";"[{'nome_socio': 'Orlando Chiarelli', 'tipo': 'NATURAL', 'faixa_etaria': '51-60', 'tax_id': '***121799**'}, {'nome_socio': 'Marcos Cardoso de Moraes', 'tipo': 'NATURAL', 'faixa_etaria': '41-50', 'tax_id': '***233288**'}]";"trade_name";"Chiarelli Contabilidade";2;"01515951000166";"CHIARELLI CONTABILIDADE S/S LTDA"
"01515951000166";"CHIARELLI CONTABILIDADE S/S LTDA";"CHIARELLI CONTABILIDADE S/S LTDA";"Chiarelli Contabilidade";"[{'nome_socio': 'Orlando Chiarelli', 'tipo': 'NATURAL', 'faixa_etaria': '51-60', 'tax_id': '***121799**'}, {'nome_socio': 'Marcos Cardoso de Moraes', 'tipo': 'NATURAL', 'faixa_etaria': '41-50', 'tax_id': '***233288**'}]";"trade_name";"Chiarelli Contabilidade";2;"01515951000166";"CHIARELLI CONTABILIDADE S/S LTDA"
"01515951000166";"CHIARELLI CONTABILIDADE S/S LTDA";"CHIARELLI CONTABILIDADE S/S LTDA";"Chiarelli Contabilidade";"[{'nome_socio': 'Orlando Chiarelli', 'tipo': 'NATURAL', 'faixa_etaria': '51-60', 'tax_id': '***121799**'}, {'nome_socio': 'Marcos Cardoso de Moraes', 'tipo': 'NATURAL', 'faixa_etaria': '41-50', 'tax_id': '***233288**'}]";"trade_name";"Chiarelli Contabilidade";2;"01515951000166";"CHIARELLI CONTABILIDADE S/S LTDA"
"01515951000166";"CHIARELLI CONTABILIDADE S/S LTDA";"CHIARELLI CONTABILIDADE S/S LTDA";"Chiarelli Contabilidade";"[{'nome_socio': 'Orlando Chiarelli', 'tipo': 'NATURAL', 'faixa_etaria': '51-60', 'tax_id': '***121799**'}, {'nome_socio': 'Marcos Cardoso de Moraes', 'tipo': 'NATURAL', 'faixa_etaria': '41-50', 'tax_id': '***233288**'}]";"trade_name";"Chiarelli Contabilidade";2;"01515951000166";"CHIARELLI CONTABILIDADE S/S LTDA"
"01515951000166";"CHIARELLI CONTABILIDADE S/S LTDA";"CHIARELLI CONTABILIDADE S/S LTDA";"Chiarelli Contabilidade";"[{'nome_socio': 'Orlando Chiarelli', 'tipo': 'NATURAL', 'faixa_etaria': '51-60', 'tax_id': '***121799**'}, {'nome_socio': 'Marcos Cardoso de Moraes', 'tipo': 'NATURAL', 'faixa_etaria': '41-50', 'tax_id': '***233288**'}]";"trade_name";"Chiarelli Contabilidade";2;"01515951000166";"CHIARELLI CONTABILIDADE S/S LTDA"
"01515951000166";"CHIARELLI CONTABILIDADE S/S LTDA";"CHIARELLI CONTABILIDADE S/S LTDA";"Chiarelli Contabilidade";"[{'nome_socio': 'Orlando Chiarelli', 'tipo': 'NATURAL', 'faixa_etaria': '51-60', 'tax_id': '***121799**'}, {'nome_socio': 'Marcos Cardoso de Moraes', 'tipo': 'NATURAL', 'faixa_etaria': '41-50', 'tax_id': '***233288**'}]";"trade_name";"Chiarelli Contabilidade";2;"01515951000166";"CHIARELLI CONTABILIDADE S/S LTDA"
"01515951000166";"CHIARELLI CONTABILIDADE S/S LTDA";"CHIARELLI CONTABILIDADE S/S LTDA";"Chiarelli Contabilidade";"[{'nome_socio': 'Orlando Chiarelli', 'tipo': 'NATURAL', 'faixa_etaria': '51-60', 'tax_id': '***121799**'}, {'nome_socio': 'Marcos Cardoso de Moraes', 'tipo': 'NATURAL', 'faixa_etaria': '41-50', 'tax_id': '***233288**'}]";"trade_name";"Chiarelli Contabilidade";2;"01515951000166";"CHIARELLI CONTABILIDADE S/S LTDA"
"01515951000166";"CHIARELLI CONTABILIDADE S/S LTDA";"CHIARELLI CONTABILIDADE S/S LTDA";"Chiarelli Contabilidade";"[{'nome_socio': 'Orlando Chiarelli', 'tipo': 'NATURAL', 'faixa_etaria': '51-60', 'tax_id': '***121799**'}, {'nome_socio': 'Marcos Cardoso de Moraes', 'tipo': 'NATURAL', 'faixa_etaria': '41-50', 'tax_id': '***233288**'}]";"trade_name";"Chiarelli Contabilidade";2;"01515951000166";"CHIARELLI CONTABILIDADE S/S LTDA"
"01515951000166";"CHIARELLI CONTABILIDADE S/S LTDA";"CHIARELLI CONTABILIDADE S/S LTDA";"Chiarelli Contabilidade";"[{'nome_socio': 'Orlando Chiarelli', 'tipo': 'NATURAL', 'faixa_etaria': '51-60', 'tax_id': '***121799**'}, {'nome_socio': 'Marcos Cardoso de Moraes', 'tipo': 'NATURAL', 'faixa_etaria': '41-50', 'tax_id': '***233288**'}]";"trade_name";"Chiarelli Contabilidade";2;"01515951000166";"CHIARELLI CONTABILIDADE S/S LTDA"
"01515951000166";"CHIARELLI CONTABILIDADE S/S LTDA";"CHIARELLI CONTABILIDADE S/S LTDA";"Chiarelli Contabilidade";"[{'nome_socio': 'Orlando Chiarelli', 'tipo': 'NATURAL', 'faixa_etaria': '51-60', 'tax_id': '***121799**'}, {'nome_socio': 'Marcos Cardoso de Moraes', 'tipo': 'NATURAL', 'faixa_etaria': '41-50', 'tax_id': '***233288**'}]";"trade_name";"Chiarelli Contabilidade";2;"01515951000166";"CHIARELLI CONTABILIDADE S/S LTDA"
"01515951000166";"CHIARELLI CONTABILIDADE S/S LTDA";"CHIARELLI CONTABILIDADE S/S LTDA";"Chiarelli Contabilidade";"[{'nome_socio': 'Orlando Chiarelli', 'tipo': 'NATURAL', 'faixa_etaria': '51-60', 'tax_id': '***121799**'}, {'nome_socio': 'Marcos Cardoso de Moraes', 'tipo': 'NATURAL', 'faixa_etaria': '41-50', 'tax_id': '***233288**'}]";"trade_name";"Chiarelli Contabilidade";2;"01515951000166";"CHIARELLI CONTABILIDADE S/S LTDA"
"02754732000100";"ROBERT JAGER RESTAURANTE LTDA";"ROBERT JAGER RESTAURANTE LTDA";"";"[{'nome_socio': 'Robert Jager', 'tipo': 'NATURAL', 'faixa_etaria': '61-70', 'tax_id': '***853306**'}]";"corporate_name";"ROBERT JAGER RESTAURANTE LTDA";4;"02754732000100";"ROBERT JAGER RESTAURANTE LTDA"
"02754732000100";"ROBERT JAGER RESTAURANTE LTDA";"ROBERT JAGER RESTAURANTE LTDA";"";"[{'nome_socio': 'Robert Jager', 'tipo': 'NATURAL', 'faixa_etaria': '61-70', 'tax_id': '***853306**'}]";"corporate_name";"ROBERT JAGER RESTAURANTE LTDA";4;"02754732000100";"ROBERT JAGER RESTAURANTE LTDA"
"02754732000100";"ROBERT JAGER RESTAURANTE LTDA";"ROBERT JAGER RESTAURANTE LTDA";"";"[{'nome_socio': 'Robert Jager', 'tipo': 'NATURAL', 'faixa_etaria': '61-70', 'tax_id': '***853306**'}]";"corporate_name";"ROBERT JAGER RESTAURANTE LTDA";4;"02754732000100";"ROBERT JAGER RESTAURANTE LTDA"
"02754732000100";"ROBERT JAGER RESTAURANTE LTDA";"ROBERT JAGER RESTAURANTE LTDA";"";"[{'nome_socio': 'Robert Jager', 'tipo': 'NATURAL', 'faixa_etaria': '61-70', 'tax_id': '***853306**'}]";"corporate_name";"ROBERT JAGER RESTAURANTE LTDA";4;"02754732000100";"ROBERT JAGER RESTAURANTE LTDA"
"02754732000100";"ROBERT JAGER RESTAURANTE LTDA";"ROBERT JAGER RESTAURANTE LTDA";"";"[{'nome_socio': 'Robert Jager', 'tipo': 'NATURAL', 'faixa_etaria': '61-70', 'tax_id': '***853306**'}]";"corporate_name";"ROBERT JAGER RESTAURANTE LTDA";4;"02754732000100";"ROBERT JAGER RESTAURANTE LTDA"
"02754732000100";"ROBERT JAGER RESTAURANTE LTDA";"ROBERT JAGER RESTAURANTE LTDA";"";"[{'nome_socio': 'Robert Jager', 'tipo': 'NATURAL', 'faixa_etaria': '61-70', 'tax_id': '***853306**'}]";"corporate_name";"ROBERT JAGER RESTAURANTE LTDA";4;"02754732000100";"ROBERT JAGER RESTAURANTE LTDA"
"02754732000100";"ROBERT JAGER RESTAURANTE LTDA";"ROBERT JAGER RESTAURANTE LTDA";"";"[{'nome_socio': 'Robert Jager', 'tipo': 'NATURAL', 'faixa_etaria': '61-70', 'tax_id': '***853306**'}]";"corporate_name";"ROBERT JAGER RESTAURANTE LTDA";4;"02754732000100";"ROBERT JAGER RESTAURANTE LTDA"
"02754732000100";"ROBERT JAGER RESTAURANTE LTDA";"ROBERT JAGER RESTAURANTE LTDA";"";"[{'nome_socio': 'Robert Jager', 'tipo': 'NATURAL', 'faixa_etaria': '61-70', 'tax_id': '***853306**'}]";"corporate_name";"ROBERT JAGER RESTAURANTE LTDA";4;"02754732000100";"ROBERT JAGER RESTAURANTE LTDA"
"02754732000100";"ROBERT JAGER RESTAURANTE LTDA";"ROBERT JAGER RESTAURANTE LTDA";"";"[{'nome_socio': 'Robert Jager', 'tipo': 'NATURAL', 'faixa_etaria': '61-70', 'tax_id': '***853306**'}]";"corporate_name";"ROBERT JAGER RESTAURANTE LTDA";4;"02754732000100";"ROBERT JAGER RESTAURANTE LTDA"
"02754732000100";"ROBERT JAGER RESTAURANTE LTDA";"ROBERT JAGER RESTAURANTE LTDA";"";"[{'nome_socio': 'Robert Jager', 'tipo': 'NATURAL', 'faixa_etaria': '61-70', 'tax_id': '***853306**'}]";"corporate_name";"ROBERT JAGER RESTAURANTE LTDA";4;"02754732000100";"ROBERT JAGER RESTAURANTE LTDA"
"02754732000100";"ROBERT JAGER RESTAURANTE LTDA";"ROBERT JAGER RESTAURANTE LTDA";"";"[{'nome_socio': 'Robert Jager', 'tipo': 'NATURAL', 'faixa_etaria': '61-70', 'tax_id': '***853306**'}]";"corporate_name";"ROBERT JAGER RESTAURANTE LTDA";4;"02754732000100";"ROBERT JAGER RESTAURANTE LTDA"
"02754732000100";"ROBERT JAGER RESTAURANTE LTDA";"ROBERT JAGER RESTAURANTE LTDA";"";"[{'nome_socio': 'Robert Jager', 'tipo': 'NATURAL', 'faixa_etaria': '61-70', 'tax_id': '***853306**'}]";"partner";"Robert Jager";2;"02754732000100";"ROBERT JAGER RESTAURANTE LTDA"
"02754732000100";"ROBERT JAGER RESTAURANTE LTDA";"ROBERT JAGER RESTAURANTE LTDA";"";"[{'nome_socio': 'Robert Jager', 'tipo': 'NATURAL', 'faixa_etaria': '61-70', 'tax_id': '***853306**'}]";"partner";"Robert Jager";2;"02754732000100";"ROBERT JAGER RESTAURANTE LTDA"
"02754732000100";"ROBERT JAGER RESTAURANTE LTDA";"ROBERT JAGER RESTAURANTE LTDA";"";"[{'nome_socio': 'Robert Jager', 'tipo': 'NATURAL', 'faixa_etaria': '61-70', 'tax_id': '***853306**'}]";"partner";"Robert Jager";2;"02754732000100";"ROBERT JAGER RESTAURANTE LTDA"
"02754732000100";"ROBERT JAGER RESTAURANTE LTDA";"ROBERT JAGER RESTAURANTE LTDA";"";"[{'nome_socio': 'Robert Jager', 'tipo': 'NATURAL', 'faixa_etaria': '61-70', 'tax_id': '***853306**'}]";"partner";"Robert Jager";2;"02754732000100";"ROBERT JAGER RESTAURANTE LTDA"
"02754732000100";"ROBERT JAGER RESTAURANTE LTDA";"ROBERT JAGER RESTAURANTE LTDA";"";"[{'nome_socio': 'Robert Jager', 'tipo': 'NATURAL', 'faixa_etaria': '61-70', 'tax_id': '***853306**'}]";"partner";"Robert Jager";2;"02754732000100";"ROBERT JAGER RESTAURANTE LTDA"
"02754732000100";"ROBERT JAGER RESTAURANTE LTDA";"ROBERT JAGER RESTAURANTE LTDA";"";"[{'nome_socio': 'Robert Jager', 'tipo': 'NATURAL', 'faixa_etaria': '61-70', 'tax_id': '***853306**'}]";"partner";"Robert Jager";2;"02754732000100";"ROBERT JAGER RESTAURANTE LTDA"
"02754732000100";"ROBERT JAGER RESTAURANTE LTDA";"ROBERT JAGER RESTAURANTE LTDA";"";"[{'nome_socio': 'Robert Jager', 'tipo': 'NATURAL', 'faixa_etaria': '61-70', 'tax_id': '***853306**'}]";"partner";"Robert Jager";2;"02754732000100";"ROBERT JAGER RESTAURANTE LTDA"
"02754732000100";"ROBERT JAGER RESTAURANTE LTDA";"ROBERT JAGER RESTAURANTE LTDA";"";"[{'nome_socio': 'Robert Jager', 'tipo': 'NATURAL', 'faixa_etaria': '61-70', 'tax_id': '***853306**'}]";"partner";"Robert Jager";2;"02754732000100";"ROBERT JAGER RESTAURANTE LTDA"
"02754732000100";"ROBERT JAGER RESTAURANTE LTDA";"ROBERT JAGER RESTAURANTE LTDA";"";"[{'nome_socio': 'Robert Jager', 'tipo': 'NATURAL', 'faixa_etaria': '61-70', 'tax_id': '***853306**'}]";"partner";"Robert Jager";2;"02754732000100";"ROBERT JAGER RESTAURANTE LTDA"
"02754732000100";"ROBERT JAGER RESTAURANTE LTDA";"ROBERT JAGER RESTAURANTE LTDA";"";"[{'nome_socio': 'Robert Jager', 'tipo': 'NATURAL', 'faixa_etaria': '61-70', 'tax_id': '***853306**'}]";"partner";"Robert Jager";2;"02754732000100";"ROBERT JAGER RESTAURANTE LTDA"
"02754732000100";"ROBERT JAGER RESTAURANTE LTDA";"ROBERT JAGER RESTAURANTE LTDA";"";"[{'nome_socio': 'Robert Jager', 'tipo': 'NATURAL', 'faixa_etaria': '61-70', 'tax_id': '***853306**'}]";"partner";"Robert Jager";2;"02754732000100";"ROBERT JAGER RESTAURANTE LTDA"
"04938736000166";"RITA TOBAL DINIZ";"";"";"";"corporate_name";"RITA TOBAL DINIZ";3;"04938736000166";"RITA TOBAL DINIZ"
"04938736000166";"RITA TOBAL DINIZ";"RITA TOBAL DINIZ";"Iris Comercial";"";"corporate_name";"RITA TOBAL DINIZ";3;"04938736000166";"RITA TOBAL DINIZ"
"04938736000166";"RITA TOBAL DINIZ";"RITA TOBAL DINIZ";"Iris Comercial";"";"corporate_name";"RITA TOBAL DINIZ";3;"04938736000166";"RITA TOBAL DINIZ"
"04938736000166";"RITA TOBAL DINIZ";"RITA TOBAL DINIZ";"Iris Comercial";"";"corporate_name";"RITA TOBAL DINIZ";3;"04938736000166";"RITA TOBAL DINIZ"
"04938736000166";"RITA TOBAL DINIZ";"RITA TOBAL DINIZ";"Iris Comercial";"";"corporate_name";"RITA TOBAL DINIZ";3;"04938736000166";"RITA TOBAL DINIZ"
"04938736000166";"RITA TOBAL DINIZ";"RITA TOBAL DINIZ";"Iris Comercial";"";"corporate_name";"RITA TOBAL DINIZ";3;"04938736000166";"RITA TOBAL DINIZ"
"04938736000166";"RITA TOBAL DINIZ";"RITA TOBAL DINIZ";"Iris Comercial";"";"corporate_name";"RITA TOBAL DINIZ";3;"04938736000166";"RITA TOBAL DINIZ"
"04938736000166";"RITA TOBAL DINIZ";"RITA TOBAL DINIZ";"Iris Comercial";"";"corporate_name";"RITA TOBAL DINIZ";3;"04938736000166";"RITA TOBAL DINIZ"
"04938736000166";"RITA TOBAL DINIZ";"RITA TOBAL DINIZ";"Iris Comercial";"";"corporate_name";"RITA TOBAL DINIZ";3;"04938736000166";"RITA TOBAL DINIZ"
"04938736000166";"RITA TOBAL DINIZ";"RITA TOBAL DINIZ";"Iris Comercial";"";"corporate_name";"RITA TOBAL DINIZ";3;"04938736000166";"RITA TOBAL DINIZ"
"04938736000166";"RITA TOBAL DINIZ";"RITA TOBAL DINIZ";"Iris Comercial";"";"corporate_name";"RITA TOBAL DINIZ";3;"04938736000166";"RITA TOBAL DINIZ"
"04938736000166";"RITA TOBAL DINIZ";"RITA TOBAL DINIZ";"Iris Comercial";"";"corporate_name";"RITA TOBAL DINIZ";3;"04938736000166";"RITA TOBAL DINIZ"
"05311364000106";"S. D. ODONTOLOGIA LTDA";"S. D. ODONTOLOGIA LTDA";"Sorridente";"[{'nome_socio': 'Fabiana Martinez Maia', 'tipo': 'NATURAL', 'faixa_etaria': '51-60', 'tax_id': '***925078**'}, {'nome_socio': 'Mariana Salaro', 'tipo': 'NATURAL', 'faixa_etaria': '21-30', 'tax_id': '***234448**'}, {'nome_socio': 'Paulo Henrique Pampado Di Santis', 'tipo': 'NATURAL', 'faixa_etaria': '51-60', 'tax_id': '***529858**'}]";"corporate_name";"S. D. ODONTOLOGIA LTDA";2;"05311364000106";"S. D. ODONTOLOGIA LTDA"
"50632839000110";"MM ODONTOLOGIA PREMIUM LTDA";"MM ODONTOLOGIA PREMIUM LTDA";"";"[{'nome_socio': 'Maria Virginia Boldrin Denardi Siqueira', 'tipo': 'NATURAL', 'faixa_etaria': '41-50', 'tax_id': '***461298**'}]";"corporate_name";"S. D. ODONTOLOGIA LTDA";2;"05311364000106";"S. D. ODONTOLOGIA LTDA"
"05311364000106";"S. D. ODONTOLOGIA LTDA";"S. D. ODONTOLOGIA LTDA";"Sorridente";"[{'nome_socio': 'Fabiana Martinez Maia', 'tipo': 'NATURAL', 'faixa_etaria': '51-60', 'tax_id': '***925078**'}, {'nome_socio': 'Mariana Salaro', 'tipo': 'NATURAL', 'faixa_etaria': '21-30', 'tax_id': '***234448**'}, {'nome_socio': 'Paulo Henrique Pampado Di Santis', 'tipo': 'NATURAL', 'faixa_etaria': '51-60', 'tax_id': '***529858**'}]";"corporate_name";"S. D. ODONTOLOGIA LTDA";2;"05311364000106";"S. D. ODONTOLOGIA LTDA"
"05311364000106";"S. D. ODONTOLOGIA LTDA";"S. D. ODONTOLOGIA LTDA";"Sorridente";"[{'nome_socio': 'Fabiana Martinez Maia', 'tipo': 'NATURAL', 'faixa_etaria': '51-60', 'tax_id': '***925078**'}, {'nome_socio': 'Mariana Salaro', 'tipo': 'NATURAL', 'faixa_etaria': '21-30', 'tax_id': '***234448**'}, {'nome_socio': 'Paulo Henrique Pampado Di Santis', 'tipo': 'NATURAL', 'faixa_etaria': '51-60', 'tax_id': '***529858**'}]";"corporate_name";"S. D. ODONTOLOGIA LTDA";2;"05311364000106";"S. D. ODONTOLOGIA LTDA"
"05311364000106";"S. D. ODONTOLOGIA LTDA";"S. D. ODONTOLOGIA LTDA";"Sorridente";"[{'nome_socio': 'Fabiana Martinez Maia', 'tipo': 'NATURAL', 'faixa_etaria': '51-60', 'tax_id': '***925078**'}, {'nome_socio': 'Mariana Salaro', 'tipo': 'NATURAL', 'faixa_etaria': '21-30', 'tax_id': '***234448**'}, {'nome_socio': 'Paulo Henrique Pampado Di Santis', 'tipo': 'NATURAL', 'faixa_etaria': '51-60', 'tax_id': '***529858**'}]";"corporate_name";"S. D. ODONTOLOGIA LTDA";2;"05311364000106";"S. D. ODONTOLOGIA LTDA"
"05311364000106";"S. D. ODONTOLOGIA LTDA";"S. D. ODONTOLOGIA LTDA";"Sorridente";"[{'nome_socio': 'Fabiana Martinez Maia', 'tipo': 'NATURAL', 'faixa_etaria': '51-60', 'tax_id': '***925078**'}, {'nome_socio': 'Mariana Salaro', 'tipo': 'NATURAL', 'faixa_etaria': '21-30', 'tax_id': '***234448**'}, {'nome_socio': 'Paulo Henrique Pampado Di Santis', 'tipo': 'NATURAL', 'faixa_etaria': '51-60', 'tax_id': '***529858**'}]";"corporate_name";"S. D. ODONTOLOGIA LTDA";2;"05311364000106";"S. D. ODONTOLOGIA LTDA"
"05311364000106";"S. D. ODONTOLOGIA LTDA";"S. D. ODONTOLOGIA LTDA";"Sorridente";"[{'nome_socio': 'Fabiana Martinez Maia', 'tipo': 'NATURAL', 'faixa_etaria': '51-60', 'tax_id': '***925078**'}, {'nome_socio': 'Mariana Salaro', 'tipo': 'NATURAL', 'faixa_etaria': '21-30', 'tax_id': '***234448**'}, {'nome_socio': 'Paulo Henrique Pampado Di Santis', 'tipo': 'NATURAL', 'faixa_etaria': '51-60', 'tax_id': '***529858**'}]";"corporate_name";"S. D. ODONTOLOGIA LTDA";2;"05311364000106";"S. D. ODONTOLOGIA LTDA"
"05311364000106";"S. D. ODONTOLOGIA LTDA";"S. D. ODONTOLOGIA LTDA";"Sorridente";"[{'nome_socio': 'Fabiana Martinez Maia', 'tipo': 'NATURAL', 'faixa_etaria': '51-60', 'tax_id': '***925078**'}, {'nome_socio': 'Mariana Salaro', 'tipo': 'NATURAL', 'faixa_etaria': '21-30', 'tax_id': '***234448**'}, {'nome_socio': 'Paulo Henrique Pampado Di Santis', 'tipo': 'NATURAL', 'faixa_etaria': '51-60', 'tax_id': '***529858**'}]";"corporate_name";"S. D. ODONTOLOGIA LTDA";2;"05311364000106";"S. D. ODONTOLOGIA LTDA"
"05311364000106";"S. D. ODONTOLOGIA LTDA";"S. D. ODONTOLOGIA LTDA";"Sorridente";"[{'nome_socio': 'Fabiana Martinez Maia', 'tipo': 'NATURAL', 'faixa_etaria': '51-60', 'tax_id': '***925078**'}, {'nome_socio': 'Mariana Salaro', 'tipo': 'NATURAL', 'faixa_etaria': '21-30', 'tax_id': '***234448**'}, {'nome_socio': 'Paulo Henrique Pampado Di Santis', 'tipo': 'NATURAL', 'faixa_etaria': '51-60', 'tax_id': '***529858**'}]";"corporate_name";"S. D. ODONTOLOGIA LTDA";2;"05311364000106";"S. D. ODONTOLOGIA LTDA"
"05311364000106";"S. D. ODONTOLOGIA LTDA";"S. D. ODONTOLOGIA LTDA";"Sorridente";"[{'nome_socio': 'Fabiana Martinez Maia', 'tipo': 'NATURAL', 'faixa_etaria': '51-60', 'tax_id': '***925078**'}, {'nome_socio': 'Mariana Salaro', 'tipo': 'NATURAL', 'faixa_etaria': '21-30', 'tax_id': '***234448**'}, {'nome_socio': 'Paulo Henrique Pampado Di Santis', 'tipo': 'NATURAL', 'faixa_etaria': '51-60', 'tax_id': '***529858**'}]";"corporate_name";"S. D. ODONTOLOGIA LTDA";2;"05311364000106";"S. D. ODONTOLOGIA LTDA"
"05311364000106";"S. D. ODONTOLOGIA LTDA";"S. D. ODONTOLOGIA LTDA";"Sorridente";"[{'nome_socio': 'Fabiana Martinez Maia', 'tipo': 'NATURAL', 'faixa_etaria': '51-60', 'tax_id': '***925078**'}, {'nome_socio': 'Mariana Salaro', 'tipo': 'NATURAL', 'faixa_etaria': '21-30', 'tax_id': '***234448**'}, {'nome_socio': 'Paulo Henrique Pampado Di Santis', 'tipo': 'NATURAL', 'faixa_etaria': '51-60', 'tax_id': '***529858**'}]";"corporate_name";"S. D. ODONTOLOGIA LTDA";2;"05311364000106";"S. D. ODONTOLOGIA LTDA"
"05311364000106";"S. D. ODONTOLOGIA LTDA";"S. D. ODONTOLOGIA LTDA";"Sorridente";"[{'nome_socio': 'Fabiana Martinez Maia', 'tipo': 'NATURAL', 'faixa_etaria': '51-60', 'tax_id': '***925078**'}, {'nome_socio': 'Mariana Salaro', 'tipo': 'NATURAL', 'faixa_etaria': '21-30', 'tax_id': '***234448**'}, {'nome_socio': 'Paulo Henrique Pampado Di Santis', 'tipo': 'NATURAL', 'faixa_etaria': '51-60', 'tax_id': '***529858**'}]";"corporate_name";"S. D. ODONTOLOGIA LTDA";2;"05311364000106";"S. D. ODONTOLOGIA LTDA"
"20729204000175";"LUME LASER - EQUIPAMENTOS PARA ESTETICA LTDA";"LUME LASER - EQUIPAMENTOS PARA ESTETICA LTDA";"Lume Laser Locacoes de Equipamentos Para Estetica";"[{'nome_socio': 'Marcelo Augusto Farias Jasset', 'tipo': 'NATURAL', 'faixa_etaria': '51-60', 'tax_id': '***878637**'}]";"corporate_name";"W. A. LASER COMERCIO MANUTENCAO E LOCACAO DE EQUIPAMENTOS MEDICOS LTDA";3;"10397739000132";"W. A. LASER COMERCIO MANUTENCAO E LOCACAO DE EQUIPAMENTOS MEDICOS LTDA"
"35727790000196";"EASY SEGUROS MEDICOS LTDA";"EASY SEGUROS MEDICOS LTDA";"Easy Seguros Medicos";"[{'nome_socio': 'Humberto de Mattos Carrilho', 'tipo': 'NATURAL', 'faixa_etaria': '51-60', 'tax_id': '***243918**'}, {'nome_socio': 'Harlaine Ribeiro Luna', 'tipo': 'NATURAL', 'faixa_etaria': '41-50', 'tax_id': '***384810**'}]";"corporate_name";"W. A. LASER COMERCIO MANUTENCAO E LOCACAO DE EQUIPAMENTOS MEDICOS LTDA";2;"10397739000132";"W. A. LASER COMERCIO MANUTENCAO E LOCACAO DE EQUIPAMENTOS MEDICOS LTDA"
"44388803000130";"MMG LOCACAO DE MAQUINAS LTDA";"MMG LOCACAO DE MAQUINAS LTDA";"";"[{'nome_socio': 'Guilherme Borelli', 'tipo': 'NATURAL', 'faixa_etaria': '31-40', 'tax_id': '***985678**'}, {'nome_socio': 'Marcus Vinicius Machado Goncalves', 'tipo': 'NATURAL', 'faixa_etaria': '31-40', 'tax_id': '***877988**'}]";"corporate_name";"W. A. LASER COMERCIO MANUTENCAO E LOCACAO DE EQUIPAMENTOS MEDICOS LTDA";2;"10397739000132";"W. A. LASER COMERCIO MANUTENCAO E LOCACAO DE EQUIPAMENTOS MEDICOS LTDA"
"52305548000143";"RHTZ SERVICOS MEDICOS LTDA";"RHTZ SERVICOS MEDICOS LTDA";"Rhtz Servicos Medicos";"[{'nome_socio': 'Tarek Abdul Latif Majzoub', 'tipo': 'NATURAL', 'faixa_etaria': '31-40', 'tax_id': '***137738**'}]";"corporate_name";"W. A. LASER COMERCIO MANUTENCAO E LOCACAO DE EQUIPAMENTOS MEDICOS LTDA";2;"10397739000132";"W. A. LASER COMERCIO MANUTENCAO E LOCACAO DE EQUIPAMENTOS MEDICOS LTDA"
"14265814000162";"S Cosméticos do Bem Indústria e Comércio LTDA";"S COSMETICOS DO BEM INDUSTRIA E COMERCIO LTDA";"S Distribuidora de Produtos Cosmeticos";"[{'nome_socio': 'Soraya El Khatib', 'tipo': 'NATURAL', 'faixa_etaria': '51-60', 'tax_id': '***345418**'}]";"corporate_name";"W. A. LASER COMERCIO MANUTENCAO E LOCACAO DE EQUIPAMENTOS MEDICOS LTDA";2;"10397739000132";"W. A. LASER COMERCIO MANUTENCAO E LOCACAO DE EQUIPAMENTOS MEDICOS LTDA"
"10397739000132";"W. A. LASER COMERCIO MANUTENCAO E LOCACAO DE EQUIPAMENTOS MEDICOS LTDA";"W. A. LASER COMERCIO MANUTENCAO E LOCACAO DE EQUIPAMENTOS MEDICOS LTDA";"Wa Laser";"[{'nome_socio': 'William Barreto Cardoso', 'tipo': 'NATURAL', 'faixa_etaria': '41-50', 'tax_id': '***911628**'}, {'nome_socio': 'Adalto Carvalho Sampaio', 'tipo': 'NATURAL', 'faixa_etaria': '41-50', 'tax_id': '***130378**'}]";"corporate_name";"W. A. LASER COMERCIO MANUTENCAO E LOCACAO DE EQUIPAMENTOS MEDICOS LTDA";7;"10397739000132";"W. A. LASER COMERCIO MANUTENCAO E LOCACAO DE EQUIPAMENTOS MEDICOS LTDA"
"05848810000116";"SESCAMP COMERCIO DE ALIMENTOS LTDA";"SESCAMP COMERCIO DE ALIMENTOS LTDA";"";"[{'nome_socio': 'Sidnei do Espirito Santo', 'tipo': 'NATURAL', 'faixa_etaria': '61-70', 'tax_id': '***212228**'}, {'nome_socio': 'Gabriela Rodrigues do Espirito Santo Donati', 'tipo': 'NATURAL', 'faixa_etaria': '31-40', 'tax_id': '***467738**'}]";"corporate_name";"W. A. LASER COMERCIO MANUTENCAO E LOCACAO DE EQUIPAMENTOS MEDICOS LTDA";2;"10397739000132";"W. A. LASER COMERCIO MANUTENCAO E LOCACAO DE EQUIPAMENTOS MEDICOS LTDA"
"05848810000116";"SESCAMP COMERCIO DE ALIMENTOS LTDA";"SESCAMP COMERCIO DE ALIMENTOS LTDA";"";"[{'nome_socio': 'Sidnei do Espirito Santo', 'tipo': 'NATURAL', 'faixa_etaria': '61-70', 'tax_id': '***212228**'}, {'nome_socio': 'Gabriela Rodrigues do Espirito Santo Donati', 'tipo': 'NATURAL', 'faixa_etaria': '31-40', 'tax_id': '***467738**'}]";"corporate_name";"W. A. LASER COMERCIO MANUTENCAO E LOCACAO DE EQUIPAMENTOS MEDICOS LTDA";2;"10397739000132";"W. A. LASER COMERCIO MANUTENCAO E LOCACAO DE EQUIPAMENTOS MEDICOS LTDA"
"05848810000116";"SESCAMP COMERCIO DE ALIMENTOS LTDA";"SESCAMP COMERCIO DE ALIMENTOS LTDA";"";"[{'nome_socio': 'Sidnei do Espirito Santo', 'tipo': 'NATURAL', 'faixa_etaria': '61-70', 'tax_id': '***212228**'}, {'nome_socio': 'Gabriela Rodrigues do Espirito Santo Donati', 'tipo': 'NATURAL', 'faixa_etaria': '31-40', 'tax_id': '***467738**'}]";"corporate_name";"W. A. LASER COMERCIO MANUTENCAO E LOCACAO DE EQUIPAMENTOS MEDICOS LTDA";2;"10397739000132";"W. A. LASER COMERCIO MANUTENCAO E LOCACAO DE EQUIPAMENTOS MEDICOS LTDA"
"05848810000116";"SESCAMP COMERCIO DE ALIMENTOS LTDA";"SESCAMP COMERCIO DE ALIMENTOS LTDA";"";"[{'nome_socio': 'Sidnei do Espirito Santo', 'tipo': 'NATURAL', 'faixa_etaria': '61-70', 'tax_id': '***212228**'}, {'nome_socio': 'Gabriela Rodrigues do Espirito Santo Donati', 'tipo': 'NATURAL', 'faixa_etaria': '31-40', 'tax_id': '***467738**'}]";"corporate_name";"W. A. LASER COMERCIO MANUTENCAO E LOCACAO DE EQUIPAMENTOS MEDICOS LTDA";2;"10397739000132";"W. A. LASER COMERCIO MANUTENCAO E LOCACAO DE EQUIPAMENTOS MEDICOS LTDA"
"14265814000162";"S Cosméticos do Bem Indústria e Comércio LTDA";"S COSMETICOS DO BEM INDUSTRIA E COMERCIO LTDA";"S Distribuidora de Produtos Cosmeticos";"[{'nome_socio': 'Soraya El Khatib', 'tipo': 'NATURAL', 'faixa_etaria': '51-60', 'tax_id': '***345418**'}]";"corporate_name";"S COSMETICOS DO BEM INDUSTRIA E COMERCIO LTDA";5;"14265814000162";"S COSMETICOS DO BEM INDUSTRIA E COMERCIO LTDA"
"10397739000132";"W. A. LASER COMERCIO MANUTENCAO E LOCACAO DE EQUIPAMENTOS MEDICOS LTDA";"W. A. LASER COMERCIO MANUTENCAO E LOCACAO DE EQUIPAMENTOS MEDICOS LTDA";"Wa Laser";"[{'nome_socio': 'William Barreto Cardoso', 'tipo': 'NATURAL', 'faixa_etaria': '41-50', 'tax_id': '***911628**'}, {'nome_socio': 'Adalto Carvalho Sampaio', 'tipo': 'NATURAL', 'faixa_etaria': '41-50', 'tax_id': '***130378**'}]";"corporate_name";"S COSMETICOS DO BEM INDUSTRIA E COMERCIO LTDA";2;"14265814000162";"S COSMETICOS DO BEM INDUSTRIA E COMERCIO LTDA"
"05848810000116";"SESCAMP COMERCIO DE ALIMENTOS LTDA";"SESCAMP COMERCIO DE ALIMENTOS LTDA";"";"[{'nome_socio': 'Sidnei do Espirito Santo', 'tipo': 'NATURAL', 'faixa_etaria': '61-70', 'tax_id': '***212228**'}, {'nome_socio': 'Gabriela Rodrigues do Espirito Santo Donati', 'tipo': 'NATURAL', 'faixa_etaria': '31-40', 'tax_id': '***467738**'}]";"corporate_name";"S COSMETICOS DO BEM INDUSTRIA E COMERCIO LTDA";2;"14265814000162";"S COSMETICOS DO BEM INDUSTRIA E COMERCIO LTDA"
"31463285000120";"ANA SANCHES COSMETICOS E ESTETICA LTDA";"ANA SANCHES COSMETICOS E ESTETICA LTDA";"";"[{'nome_socio': 'Samantha Regina Galo Sanches', 'tipo': 'NATURAL', 'faixa_etaria': '41-50', 'tax_id': '***860808**'}, {'nome_socio': 'Newton Sanches Junior', 'tipo': 'NATURAL', 'faixa_etaria': '51-60', 'tax_id': '***368348**'}]";"corporate_name";"S COSMETICOS DO BEM INDUSTRIA E COMERCIO LTDA";2;"14265814000162";"S COSMETICOS DO BEM INDUSTRIA E COMERCIO LTDA"
"05848810000116";"SESCAMP COMERCIO DE ALIMENTOS LTDA";"SESCAMP COMERCIO DE ALIMENTOS LTDA";"";"[{'nome_socio': 'Sidnei do Espirito Santo', 'tipo': 'NATURAL', 'faixa_etaria': '61-70', 'tax_id': '***212228**'}, {'nome_socio': 'Gabriela Rodrigues do Espirito Santo Donati', 'tipo': 'NATURAL', 'faixa_etaria': '31-40', 'tax_id': '***467738**'}]";"corporate_name";"S COSMETICOS DO BEM INDUSTRIA E COMERCIO LTDA";2;"14265814000162";"S COSMETICOS DO BEM INDUSTRIA E COMERCIO LTDA"
"05848810000116";"SESCAMP COMERCIO DE ALIMENTOS LTDA";"SESCAMP COMERCIO DE ALIMENTOS LTDA";"";"[{'nome_socio': 'Sidnei do Espirito Santo', 'tipo': 'NATURAL', 'faixa_etaria': '61-70', 'tax_id': '***212228**'}, {'nome_socio': 'Gabriela Rodrigues do Espirito Santo Donati', 'tipo': 'NATURAL', 'faixa_etaria': '31-40', 'tax_id': '***467738**'}]";"corporate_name";"S COSMETICOS DO BEM INDUSTRIA E COMERCIO LTDA";2;"14265814000162";"S COSMETICOS DO BEM INDUSTRIA E COMERCIO LTDA"
"05848810000116";"SESCAMP COMERCIO DE ALIMENTOS LTDA";"SESCAMP COMERCIO DE ALIMENTOS LTDA";"";"[{'nome_socio': 'Sidnei do Espirito Santo', 'tipo': 'NATURAL', 'faixa_etaria': '61-70', 'tax_id': '***212228**'}, {'nome_socio': 'Gabriela Rodrigues do Espirito Santo Donati', 'tipo': 'NATURAL', 'faixa_etaria': '31-40', 'tax_id': '***467738**'}]";"corporate_name";"S COSMETICOS DO BEM INDUSTRIA E COMERCIO LTDA";2;"14265814000162";"S COSMETICOS DO BEM INDUSTRIA E COMERCIO LTDA"
"14380200000121";"IFOOD.COM AGENCIA DE RESTAURANTES ONLINE S.A.";"IFOOD.COM AGENCIA DE RESTAURANTES ONLINE S.A.";"";"[{'nome_socio': 'Diego Carneiro Barreto', 'tipo': 'NATURAL', 'faixa_etaria': '41-50', 'tax_id': '***140166**'}, {'nome_socio': 'Flavio de Freitas Stecca', 'tipo': 'NATURAL', 'faixa_etaria': '41-50', 'tax_id': '***858801**'}, {'nome_socio': 'Gustavo Carvalho Mendes', 'tipo': 'NATURAL', 'faixa_etaria': '41-50', 'tax_id': '***057808**'}, {'nome_socio': 'Lucas Marini Pittioni', 'tipo': 'NATURAL', 'faixa_etaria': '31-40', 'tax_id': '***993928**'}]";"corporate_name";"IFOOD.COM AGENCIA DE RESTAURANTES ONLINE S.A.";4;"14380200000121";"IFOOD.COM AGENCIA DE RESTAURANTES ONLINE S.A."
"17390640000158";"GILIOLI SERVICOS ODONTOLOGICOS S S LTDA";"GILIOLI SERVICOS ODONTOLOGICOS LTDA";"Instituto Cibele Gilioli";"[{'nome_socio': 'Cibele Rodrigues Gilioli', 'tipo': 'NATURAL', 'faixa_etaria': '41-50', 'tax_id': '***246858**'}]";"corporate_name";"GILIOLI SERVICOS ODONTOLOGICOS LTDA";4;"17390640000158";"GILIOLI SERVICOS ODONTOLOGICOS LTDA"
"52305548000143";"RHTZ SERVICOS MEDICOS LTDA";"RHTZ SERVICOS MEDICOS LTDA";"Rhtz Servicos Medicos";"[{'nome_socio': 'Tarek Abdul Latif Majzoub', 'tipo': 'NATURAL', 'faixa_etaria': '31-40', 'tax_id': '***137738**'}]";"corporate_name";"GILIOLI SERVICOS ODONTOLOGICOS LTDA";2;"17390640000158";"GILIOLI SERVICOS ODONTOLOGICOS LTDA"
"19549581000143";"ANDRE VORONIUK DE FIGUEIREDO";"ANDRE VORONIUK DE FIGUEIREDO";"Bcinovatec - Alem da Inovacao em Tecnologia";"";"corporate_name";"ANDRE VORONIUK DE FIGUEIREDO";3;"19549581000143";"ANDRE VORONIUK DE FIGUEIREDO"
"37415146000108";"Bruno Barbosa";"BRUNO BARBOSA 34804460861";"";"";"corporate_name";"BRUNO BARBOSA 34804460861";2;"37415146000108";"BRUNO BARBOSA 34804460861"
"20729204000175";"LUME LASER - EQUIPAMENTOS PARA ESTETICA LTDA";"LUME LASER - EQUIPAMENTOS PARA ESTETICA LTDA";"Lume Laser Locacoes de Equipamentos Para Estetica";"[{'nome_socio': 'Marcelo Augusto Farias Jasset', 'tipo': 'NATURAL', 'faixa_etaria': '51-60', 'tax_id': '***878637**'}]";"corporate_name";"MARIANA LUCHIN DERMATOLOGIA E ESTETICA LTDA";2;"40710160000149";"MARIANA LUCHIN DERMATOLOGIA E ESTETICA LTDA"
"40710160000149";"MARIANA LUCHIN DERMATOLOGIA E ESTETICA LTDA";"MARIANA LUCHIN DERMATOLOGIA E ESTETICA LTDA";"Mariana Luchin Dermatologia";"[{'nome_socio': 'Mariana Luchin Diniz Silva', 'tipo': 'NATURAL', 'faixa_etaria': '31-40', 'tax_id': '***769198**'}]";"corporate_name";"MARIANA LUCHIN DERMATOLOGIA E ESTETICA LTDA";5;"40710160000149";"MARIANA LUCHIN DERMATOLOGIA E ESTETICA LTDA"
"31463285000120";"ANA SANCHES COSMETICOS E ESTETICA LTDA";"ANA SANCHES COSMETICOS E ESTETICA LTDA";"";"[{'nome_socio': 'Samantha Regina Galo Sanches', 'tipo': 'NATURAL', 'faixa_etaria': '41-50', 'tax_id': '***860808**'}, {'nome_socio': 'Newton Sanches Junior', 'tipo': 'NATURAL', 'faixa_etaria': '51-60', 'tax_id': '***368348**'}]";"corporate_name";"MARIANA LUCHIN DERMATOLOGIA E ESTETICA LTDA";2;"40710160000149";"MARIANA LUCHIN DERMATOLOGIA E ESTETICA LTDA"
"40656554000166";"INSTITUTO VIA ESTETICA LTDA";"INSTITUTO VIA ESTETICA LTDA";"";"[{'nome_socio': 'Marcela Patera Ribeiro dos Santos', 'tipo': 'NATURAL', 'faixa_etaria': '31-40', 'tax_id': '***970208**'}, {'nome_socio': 'Mariela Scheren', 'tipo': 'NATURAL', 'faixa_etaria': '41-50', 'tax_id': '***791580**'}]";"corporate_name";"MARIANA LUCHIN DERMATOLOGIA E ESTETICA LTDA";2;"40710160000149";"MARIANA LUCHIN DERMATOLOGIA E ESTETICA LTDA"
"40901286000109";"CLINICA DE ESTETICA JUNDIAI LTDA";"CLINICA DE ESTETICA JUNDIAI LTDA";"";"[{'nome_socio': 'Thiago Luis Venturi', 'tipo': 'NATURAL', 'faixa_etaria': '31-40', 'tax_id': '***141728**'}]";"corporate_name";"MARIANA LUCHIN DERMATOLOGIA E ESTETICA LTDA";2;"40710160000149";"MARIANA LUCHIN DERMATOLOGIA E ESTETICA LTDA"
"46995444000105";"LUANA ARAUJO BIOMEDICINA ESTETICA LTDA";"LUANA ARAUJO BIOMEDICINA ESTETICA LTDA";"";"[{'nome_socio': 'Luana da Silva Araujo', 'tipo': 'NATURAL', 'faixa_etaria': '31-40', 'tax_id': '***599508**'}]";"corporate_name";"MARIANA LUCHIN DERMATOLOGIA E ESTETICA LTDA";2;"40710160000149";"MARIANA LUCHIN DERMATOLOGIA E ESTETICA LTDA"
"40710160000149";"MARIANA LUCHIN DERMATOLOGIA E ESTETICA LTDA";"MARIANA LUCHIN DERMATOLOGIA E ESTETICA LTDA";"Mariana Luchin Dermatologia";"[{'nome_socio': 'Mariana Luchin Diniz Silva', 'tipo': 'NATURAL', 'faixa_etaria': '31-40', 'tax_id': '***769198**'}]";"trade_name";"Mariana Luchin Dermatologia";3;"40710160000149";"MARIANA LUCHIN DERMATOLOGIA E ESTETICA LTDA"
"40710160000149";"MARIANA LUCHIN DERMATOLOGIA E ESTETICA LTDA";"MARIANA LUCHIN DERMATOLOGIA E ESTETICA LTDA";"Mariana Luchin Dermatologia";"[{'nome_socio': 'Mariana Luchin Diniz Silva', 'tipo': 'NATURAL', 'faixa_etaria': '31-40', 'tax_id': '***769198**'}]";"partner";"Mariana Luchin Diniz Silva";2;"40710160000149";"MARIANA LUCHIN DERMATOLOGIA E ESTETICA LTDA"
"42847005000102";"CLINICA DE ESTETICA INDAIATUBA LTBA";"CLINICA DE ESTETICA INDAIATUBA LTBA";"";"[{'nome_socio': 'Marcos Antonio Generoso', 'tipo': 'NATURAL', 'faixa_etaria': '41-50', 'tax_id': '***190768**'}]";"corporate_name";"CLINICA DE ESTETICA INDAIATUBA LTBA";4;"42847005000102";"CLINICA DE ESTETICA INDAIATUBA LTBA"
"40901286000109";"CLINICA DE ESTETICA JUNDIAI LTDA";"CLINICA DE ESTETICA JUNDIAI LTDA";"";"[{'nome_socio': 'Thiago Luis Venturi', 'tipo': 'NATURAL', 'faixa_etaria': '31-40', 'tax_id': '***141728**'}]";"corporate_name";"CLINICA DE ESTETICA INDAIATUBA LTBA";2;"42847005000102";"CLINICA DE ESTETICA INDAIATUBA LTBA"
"43372119000106";"NICLOS COML LTDA";"NICLO'S COML LTDA";"";"[{'nome_socio': 'Raja Abdou Hanna', 'tipo': 'NATURAL', 'faixa_etaria': '51-60', 'tax_id': '***446058**'}, {'nome_socio': 'Maya Hanna Maalouf', 'tipo': 'NATURAL', 'faixa_etaria': '61-70', 'tax_id': '***344938**'}, {'nome_socio': 'Michele Hanna Zehil', 'tipo': 'NATURAL', 'faixa_etaria': '61-70', 'tax_id': '***660108**'}]";"corporate_name";"NICLO'S COML LTDA";3;"43372119000106";"NICLO'S COML LTDA"
"20729204000175";"LUME LASER - EQUIPAMENTOS PARA ESTETICA LTDA";"LUME LASER - EQUIPAMENTOS PARA ESTETICA LTDA";"Lume Laser Locacoes de Equipamentos Para Estetica";"[{'nome_socio': 'Marcelo Augusto Farias Jasset', 'tipo': 'NATURAL', 'faixa_etaria': '51-60', 'tax_id': '***878637**'}]";"corporate_name";"CARLA ROCHA FARIAS ESTETICA AVANCADA LTDA";2;"44556201000145";"CARLA ROCHA FARIAS ESTETICA AVANCADA LTDA"
"40710160000149";"MARIANA LUCHIN DERMATOLOGIA E ESTETICA LTDA";"MARIANA LUCHIN DERMATOLOGIA E ESTETICA LTDA";"Mariana Luchin Dermatologia";"[{'nome_socio': 'Mariana Luchin Diniz Silva', 'tipo': 'NATURAL', 'faixa_etaria': '31-40', 'tax_id': '***769198**'}]";"corporate_name";"CARLA ROCHA FARIAS ESTETICA AVANCADA LTDA";2;"44556201000145";"CARLA ROCHA FARIAS ESTETICA AVANCADA LTDA"
"44556201000145";"Carla Rocha Farias Estética Avancada";"CARLA ROCHA FARIAS ESTETICA AVANCADA LTDA";"Carla Rocha Farias Estetica Avancada";"[{'nome_socio': 'Rodrigo Alves de Souza', 'tipo': 'NATURAL', 'faixa_etaria': '31-40', 'tax_id': '***345458**'}]";"corporate_name";"CARLA ROCHA FARIAS ESTETICA AVANCADA LTDA";5;"44556201000145";"CARLA ROCHA FARIAS ESTETICA AVANCADA LTDA"
"31463285000120";"ANA SANCHES COSMETICOS E ESTETICA LTDA";"ANA SANCHES COSMETICOS E ESTETICA LTDA";"";"[{'nome_socio': 'Samantha Regina Galo Sanches', 'tipo': 'NATURAL', 'faixa_etaria': '41-50', 'tax_id': '***860808**'}, {'nome_socio': 'Newton Sanches Junior', 'tipo': 'NATURAL', 'faixa_etaria': '51-60', 'tax_id': '***368348**'}]";"corporate_name";"CARLA ROCHA FARIAS ESTETICA AVANCADA LTDA";2;"44556201000145";"CARLA ROCHA FARIAS ESTETICA AVANCADA LTDA"
"40656554000166";"INSTITUTO VIA ESTETICA LTDA";"INSTITUTO VIA ESTETICA LTDA";"";"[{'nome_socio': 'Marcela Patera Ribeiro dos Santos', 'tipo': 'NATURAL', 'faixa_etaria': '31-40', 'tax_id': '***970208**'}, {'nome_socio': 'Mariela Scheren', 'tipo': 'NATURAL', 'faixa_etaria': '41-50', 'tax_id': '***791580**'}]";"corporate_name";"CARLA ROCHA FARIAS ESTETICA AVANCADA LTDA";2;"44556201000145";"CARLA ROCHA FARIAS ESTETICA AVANCADA LTDA"
"40901286000109";"CLINICA DE ESTETICA JUNDIAI LTDA";"CLINICA DE ESTETICA JUNDIAI LTDA";"";"[{'nome_socio': 'Thiago Luis Venturi', 'tipo': 'NATURAL', 'faixa_etaria': '31-40', 'tax_id': '***141728**'}]";"corporate_name";"CARLA ROCHA FARIAS ESTETICA AVANCADA LTDA";2;"44556201000145";"CARLA ROCHA FARIAS ESTETICA AVANCADA LTDA"
"46995444000105";"LUANA ARAUJO BIOMEDICINA ESTETICA LTDA";"LUANA ARAUJO BIOMEDICINA ESTETICA LTDA";"";"[{'nome_socio': 'Luana da Silva Araujo', 'tipo': 'NATURAL', 'faixa_etaria': '31-40', 'tax_id': '***599508**'}]";"corporate_name";"CARLA ROCHA FARIAS ESTETICA AVANCADA LTDA";2;"44556201000145";"CARLA ROCHA FARIAS ESTETICA AVANCADA LTDA"
"44556201000145";"Carla Rocha Farias Estética Avancada";"CARLA ROCHA FARIAS ESTETICA AVANCADA LTDA";"Carla Rocha Farias Estetica Avancada";"[{'nome_socio': 'Rodrigo Alves de Souza', 'tipo': 'NATURAL', 'faixa_etaria': '31-40', 'tax_id': '***345458**'}]";"trade_name";"Carla Rocha Farias Estetica Avancada";5;"44556201000145";"CARLA ROCHA FARIAS ESTETICA AVANCADA LTDA"
"44388803000130";"MMG LOCACAO DE MAQUINAS LTDA";"MMG LOCACAO DE MAQUINAS LTDA";"";"[{'nome_socio': 'Guilherme Borelli', 'tipo': 'NATURAL', 'faixa_etaria': '31-40', 'tax_id': '***985678**'}, {'nome_socio': 'Marcus Vinicius Machado Goncalves', 'tipo': 'NATURAL', 'faixa_etaria': '31-40', 'tax_id': '***877988**'}]";"corporate_name";"J. A. LOCACAO E SERVICOS LTDA";2;"47121800000124";"J. A. LOCACAO E SERVICOS LTDA"
"17390640000158";"GILIOLI SERVICOS ODONTOLOGICOS S S LTDA";"GILIOLI SERVICOS ODONTOLOGICOS LTDA";"Instituto Cibele Gilioli";"[{'nome_socio': 'Cibele Rodrigues Gilioli', 'tipo': 'NATURAL', 'faixa_etaria': '41-50', 'tax_id': '***246858**'}]";"corporate_name";"J. A. LOCACAO E SERVICOS LTDA";2;"47121800000124";"J. A. LOCACAO E SERVICOS LTDA"
"52305548000143";"RHTZ SERVICOS MEDICOS LTDA";"RHTZ SERVICOS MEDICOS LTDA";"Rhtz Servicos Medicos";"[{'nome_socio': 'Tarek Abdul Latif Majzoub', 'tipo': 'NATURAL', 'faixa_etaria': '31-40', 'tax_id': '***137738**'}]";"corporate_name";"J. A. LOCACAO E SERVICOS LTDA";2;"47121800000124";"J. A. LOCACAO E SERVICOS LTDA"
"47121800000124";"J. A. Locação e Serviços";"J. A. LOCACAO E SERVICOS LTDA";"Essencial Locacoes";"[{'nome_socio': 'Joao Paulo Reis de Souza', 'tipo': 'NATURAL', 'faixa_etaria': '41-50', 'tax_id': '***384948**'}]";"corporate_name";"J. A. LOCACAO E SERVICOS LTDA";2;"47121800000124";"J. A. LOCACAO E SERVICOS LTDA"
"10397739000132";"W. A. LASER COMERCIO MANUTENCAO E LOCACAO DE EQUIPAMENTOS MEDICOS LTDA";"W. A. LASER COMERCIO MANUTENCAO E LOCACAO DE EQUIPAMENTOS MEDICOS LTDA";"Wa Laser";"[{'nome_socio': 'William Barreto Cardoso', 'tipo': 'NATURAL', 'faixa_etaria': '41-50', 'tax_id': '***911628**'}, {'nome_socio': 'Adalto Carvalho Sampaio', 'tipo': 'NATURAL', 'faixa_etaria': '41-50', 'tax_id': '***130378**'}]";"corporate_name";"J. A. LOCACAO E SERVICOS LTDA";2;"47121800000124";"J. A. LOCACAO E SERVICOS LTDA"
"48483151000174";"INTERVISAO VISTORIAS VALINHOS LTDA";"INTERVISAO VISTORIAS VALINHOS LTDA";"Intervisao Vistorias";"[{'nome_socio': 'Mario Andre Holtz de Almeida', 'tipo': 'NATURAL', 'faixa_etaria': '41-50', 'tax_id': '***491858**'}]";"corporate_name";"INTERVISAO VISTORIAS VALINHOS LTDA";4;"48483151000174";"INTERVISAO VISTORIAS VALINHOS LTDA"
"48483151000174";"INTERVISAO VISTORIAS VALINHOS LTDA";"INTERVISAO VISTORIAS VALINHOS LTDA";"Intervisao Vistorias";"[{'nome_socio': 'Mario Andre Holtz de Almeida', 'tipo': 'NATURAL', 'faixa_etaria': '41-50', 'tax_id': '***491858**'}]";"trade_name";"Intervisao Vistorias";2;"48483151000174";"INTERVISAO VISTORIAS VALINHOS LTDA"
"05311364000106";"S. D. ODONTOLOGIA LTDA";"S. D. ODONTOLOGIA LTDA";"Sorridente";"[{'nome_socio': 'Fabiana Martinez Maia', 'tipo': 'NATURAL', 'faixa_etaria': '51-60', 'tax_id': '***925078**'}, {'nome_socio': 'Mariana Salaro', 'tipo': 'NATURAL', 'faixa_etaria': '21-30', 'tax_id': '***234448**'}, {'nome_socio': 'Paulo Henrique Pampado Di Santis', 'tipo': 'NATURAL', 'faixa_etaria': '51-60', 'tax_id': '***529858**'}]";"corporate_name";"MM ODONTOLOGIA PREMIUM LTDA";2;"50632839000110";"MM ODONTOLOGIA PREMIUM LTDA"
"50632839000110";"MM ODONTOLOGIA PREMIUM LTDA";"MM ODONTOLOGIA PREMIUM LTDA";"";"[{'nome_socio': 'Maria Virginia Boldrin Denardi Siqueira', 'tipo': 'NATURAL', 'faixa_etaria': '41-50', 'tax_id': '***461298**'}]";"corporate_name";"MM ODONTOLOGIA PREMIUM LTDA";3;"50632839000110";"MM ODONTOLOGIA PREMIUM LTDA"
"05311364000106";"S. D. ODONTOLOGIA LTDA";"S. D. ODONTOLOGIA LTDA";"Sorridente";"[{'nome_socio': 'Fabiana Martinez Maia', 'tipo': 'NATURAL', 'faixa_etaria': '51-60', 'tax_id': '***925078**'}, {'nome_socio': 'Mariana Salaro', 'tipo': 'NATURAL', 'faixa_etaria': '21-30', 'tax_id': '***234448**'}, {'nome_socio': 'Paulo Henrique Pampado Di Santis', 'tipo': 'NATURAL', 'faixa_etaria': '51-60', 'tax_id': '***529858**'}]";"corporate_name";"MM ODONTOLOGIA PREMIUM LTDA";2;"50632839000110";"MM ODONTOLOGIA PREMIUM LTDA"
"05311364000106";"S. D. ODONTOLOGIA LTDA";"S. D. ODONTOLOGIA LTDA";"Sorridente";"[{'nome_socio': 'Fabiana Martinez Maia', 'tipo': 'NATURAL', 'faixa_etaria': '51-60', 'tax_id': '***925078**'}, {'nome_socio': 'Mariana Salaro', 'tipo': 'NATURAL', 'faixa_etaria': '21-30', 'tax_id': '***234448**'}, {'nome_socio': 'Paulo Henrique Pampado Di Santis', 'tipo': 'NATURAL', 'faixa_etaria': '51-60', 'tax_id': '***529858**'}]";"corporate_name";"MM ODONTOLOGIA PREMIUM LTDA";2;"50632839000110";"MM ODONTOLOGIA PREMIUM LTDA"
"05311364000106";"S. D. ODONTOLOGIA LTDA";"S. D. ODONTOLOGIA LTDA";"Sorridente";"[{'nome_socio': 'Fabiana Martinez Maia', 'tipo': 'NATURAL', 'faixa_etaria': '51-60', 'tax_id': '***925078**'}, {'nome_socio': 'Mariana Salaro', 'tipo': 'NATURAL', 'faixa_etaria': '21-30', 'tax_id': '***234448**'}, {'nome_socio': 'Paulo Henrique Pampado Di Santis', 'tipo': 'NATURAL', 'faixa_etaria': '51-60', 'tax_id': '***529858**'}]";"corporate_name";"MM ODONTOLOGIA PREMIUM LTDA";2;"50632839000110";"MM ODONTOLOGIA PREMIUM LTDA"
"05311364000106";"S. D. ODONTOLOGIA LTDA";"S. D. ODONTOLOGIA LTDA";"Sorridente";"[{'nome_socio': 'Fabiana Martinez Maia', 'tipo': 'NATURAL', 'faixa_etaria': '51-60', 'tax_id': '***925078**'}, {'nome_socio': 'Mariana Salaro', 'tipo': 'NATURAL', 'faixa_etaria': '21-30', 'tax_id': '***234448**'}, {'nome_socio': 'Paulo Henrique Pampado Di Santis', 'tipo': 'NATURAL', 'faixa_etaria': '51-60', 'tax_id': '***529858**'}]";"corporate_name";"MM ODONTOLOGIA PREMIUM LTDA";2;"50632839000110";"MM ODONTOLOGIA PREMIUM LTDA"
"05311364000106";"S. D. ODONTOLOGIA LTDA";"S. D. ODONTOLOGIA LTDA";"Sorridente";"[{'nome_socio': 'Fabiana Martinez Maia', 'tipo': 'NATURAL', 'faixa_etaria': '51-60', 'tax_id': '***925078**'}, {'nome_socio': 'Mariana Salaro', 'tipo': 'NATURAL', 'faixa_etaria': '21-30', 'tax_id': '***234448**'}, {'nome_socio': 'Paulo Henrique Pampado Di Santis', 'tipo': 'NATURAL', 'faixa_etaria': '51-60', 'tax_id': '***529858**'}]";"corporate_name";"MM ODONTOLOGIA PREMIUM LTDA";2;"50632839000110";"MM ODONTOLOGIA PREMIUM LTDA"
"05311364000106";"S. D. ODONTOLOGIA LTDA";"S. D. ODONTOLOGIA LTDA";"Sorridente";"[{'nome_socio': 'Fabiana Martinez Maia', 'tipo': 'NATURAL', 'faixa_etaria': '51-60', 'tax_id': '***925078**'}, {'nome_socio': 'Mariana Salaro', 'tipo': 'NATURAL', 'faixa_etaria': '21-30', 'tax_id': '***234448**'}, {'nome_socio': 'Paulo Henrique Pampado Di Santis', 'tipo': 'NATURAL', 'faixa_etaria': '51-60', 'tax_id': '***529858**'}]";"corporate_name";"MM ODONTOLOGIA PREMIUM LTDA";2;"50632839000110";"MM ODONTOLOGIA PREMIUM LTDA"
"05311364000106";"S. D. ODONTOLOGIA LTDA";"S. D. ODONTOLOGIA LTDA";"Sorridente";"[{'nome_socio': 'Fabiana Martinez Maia', 'tipo': 'NATURAL', 'faixa_etaria': '51-60', 'tax_id': '***925078**'}, {'nome_socio': 'Mariana Salaro', 'tipo': 'NATURAL', 'faixa_etaria': '21-30', 'tax_id': '***234448**'}, {'nome_socio': 'Paulo Henrique Pampado Di Santis', 'tipo': 'NATURAL', 'faixa_etaria': '51-60', 'tax_id': '***529858**'}]";"corporate_name";"MM ODONTOLOGIA PREMIUM LTDA";2;"50632839000110";"MM ODONTOLOGIA PREMIUM LTDA"
"05311364000106";"S. D. ODONTOLOGIA LTDA";"S. D. ODONTOLOGIA LTDA";"Sorridente";"[{'nome_socio': 'Fabiana Martinez Maia', 'tipo': 'NATURAL', 'faixa_etaria': '51-60', 'tax_id': '***925078**'}, {'nome_socio': 'Mariana Salaro', 'tipo': 'NATURAL', 'faixa_etaria': '21-30', 'tax_id': '***234448**'}, {'nome_socio': 'Paulo Henrique Pampado Di Santis', 'tipo': 'NATURAL', 'faixa_etaria': '51-60', 'tax_id': '***529858**'}]";"corporate_name";"MM ODONTOLOGIA PREMIUM LTDA";2;"50632839000110";"MM ODONTOLOGIA PREMIUM LTDA"
"05311364000106";"S. D. ODONTOLOGIA LTDA";"S. D. ODONTOLOGIA LTDA";"Sorridente";"[{'nome_socio': 'Fabiana Martinez Maia', 'tipo': 'NATURAL', 'faixa_etaria': '51-60', 'tax_id': '***925078**'}, {'nome_socio': 'Mariana Salaro', 'tipo': 'NATURAL', 'faixa_etaria': '21-30', 'tax_id': '***234448**'}, {'nome_socio': 'Paulo Henrique Pampado Di Santis', 'tipo': 'NATURAL', 'faixa_etaria': '51-60', 'tax_id': '***529858**'}]";"corporate_name";"MM ODONTOLOGIA PREMIUM LTDA";2;"50632839000110";"MM ODONTOLOGIA PREMIUM LTDA"
"05311364000106";"S. D. ODONTOLOGIA LTDA";"S. D. ODONTOLOGIA LTDA";"Sorridente";"[{'nome_socio': 'Fabiana Martinez Maia', 'tipo': 'NATURAL', 'faixa_etaria': '51-60', 'tax_id': '***925078**'}, {'nome_socio': 'Mariana Salaro', 'tipo': 'NATURAL', 'faixa_etaria': '21-30', 'tax_id': '***234448**'}, {'nome_socio': 'Paulo Henrique Pampado Di Santis', 'tipo': 'NATURAL', 'faixa_etaria': '51-60', 'tax_id': '***529858**'}]";"corporate_name";"MM ODONTOLOGIA PREMIUM LTDA";2;"50632839000110";"MM ODONTOLOGIA PREMIUM LTDA"
"35727790000196";"EASY SEGUROS MEDICOS LTDA";"EASY SEGUROS MEDICOS LTDA";"Easy Seguros Medicos";"[{'nome_socio': 'Humberto de Mattos Carrilho', 'tipo': 'NATURAL', 'faixa_etaria': '51-60', 'tax_id': '***243918**'}, {'nome_socio': 'Harlaine Ribeiro Luna', 'tipo': 'NATURAL', 'faixa_etaria': '41-50', 'tax_id': '***384810**'}]";"corporate_name";"RHTZ SERVICOS MEDICOS LTDA";2;"52305548000143";"RHTZ SERVICOS MEDICOS LTDA"
"17390640000158";"GILIOLI SERVICOS ODONTOLOGICOS S S LTDA";"GILIOLI SERVICOS ODONTOLOGICOS LTDA";"Instituto Cibele Gilioli";"[{'nome_socio': 'Cibele Rodrigues Gilioli', 'tipo': 'NATURAL', 'faixa_etaria': '41-50', 'tax_id': '***246858**'}]";"corporate_name";"RHTZ SERVICOS MEDICOS LTDA";2;"52305548000143";"RHTZ SERVICOS MEDICOS LTDA"
"52305548000143";"RHTZ SERVICOS MEDICOS LTDA";"RHTZ SERVICOS MEDICOS LTDA";"Rhtz Servicos Medicos";"[{'nome_socio': 'Tarek Abdul Latif Majzoub', 'tipo': 'NATURAL', 'faixa_etaria': '31-40', 'tax_id': '***137738**'}]";"corporate_name";"RHTZ SERVICOS MEDICOS LTDA";4;"52305548000143";"RHTZ SERVICOS MEDICOS LTDA"
"10397739000132";"W. A. LASER COMERCIO MANUTENCAO E LOCACAO DE EQUIPAMENTOS MEDICOS LTDA";"W. A. LASER COMERCIO MANUTENCAO E LOCACAO DE EQUIPAMENTOS MEDICOS LTDA";"Wa Laser";"[{'nome_socio': 'William Barreto Cardoso', 'tipo': 'NATURAL', 'faixa_etaria': '41-50', 'tax_id': '***911628**'}, {'nome_socio': 'Adalto Carvalho Sampaio', 'tipo': 'NATURAL', 'faixa_etaria': '41-50', 'tax_id': '***130378**'}]";"corporate_name";"RHTZ SERVICOS MEDICOS LTDA";2;"52305548000143";"RHTZ SERVICOS MEDICOS LTDA"
"52305548000143";"RHTZ SERVICOS MEDICOS LTDA";"RHTZ SERVICOS MEDICOS LTDA";"Rhtz Servicos Medicos";"[{'nome_socio': 'Tarek Abdul Latif Majzoub', 'tipo': 'NATURAL', 'faixa_etaria': '31-40', 'tax_id': '***137738**'}]";"trade_name";"Rhtz Servicos Medicos";3;"52305548000143";"RHTZ SERVICOS MEDICOS LTDA"
"52325738000122";"LOCABEAUTE LTDA";"LOCABEAUTE LTDA";"";"[{'nome_socio': 'Julio Cesar Lopes Bezerra', 'tipo': 'NATURAL', 'faixa_etaria': '31-40', 'tax_id': '***506738**'}, {'nome_socio': 'Amanda Xavier Antunes', 'tipo': 'NATURAL', 'faixa_etaria': '41-50', 'tax_id': '***556538**'}]";"corporate_name";"LOCABEAUTE LTDA";2;"52325738000122";"LOCABEAUTE LTDA"
"14265814000162";"S Cosméticos do Bem Indústria e Comércio LTDA";"S COSMETICOS DO BEM INDUSTRIA E COMERCIO LTDA";"S Distribuidora de Produtos Cosmeticos";"[{'nome_socio': 'Soraya El Khatib', 'tipo': 'NATURAL', 'faixa_etaria': '51-60', 'tax_id': '***345418**'}]";"corporate_name";"SESCAMP COMERCIO DE ALIMENTOS LTDA";2;"05848810000116";"SESCAMP COMERCIO DE ALIMENTOS LTDA"
"10397739000132";"W. A. LASER COMERCIO MANUTENCAO E LOCACAO DE EQUIPAMENTOS MEDICOS LTDA";"W. A. LASER COMERCIO MANUTENCAO E LOCACAO DE EQUIPAMENTOS MEDICOS LTDA";"Wa Laser";"[{'nome_socio': 'William Barreto Cardoso', 'tipo': 'NATURAL', 'faixa_etaria': '41-50', 'tax_id': '***911628**'}, {'nome_socio': 'Adalto Carvalho Sampaio', 'tipo': 'NATURAL', 'faixa_etaria': '41-50', 'tax_id': '***130378**'}]";"corporate_name";"SESCAMP COMERCIO DE ALIMENTOS LTDA";2;"05848810000116";"SESCAMP COMERCIO DE ALIMENTOS LTDA"
"05848810000116";"SESCAMP COMERCIO DE ALIMENTOS LTDA";"SESCAMP COMERCIO DE ALIMENTOS LTDA";"";"[{'nome_socio': 'Sidnei do Espirito Santo', 'tipo': 'NATURAL', 'faixa_etaria': '61-70', 'tax_id': '***212228**'}, {'nome_socio': 'Gabriela Rodrigues do Espirito Santo Donati', 'tipo': 'NATURAL', 'faixa_etaria': '31-40', 'tax_id': '***467738**'}]";"corporate_name";"SESCAMP COMERCIO DE ALIMENTOS LTDA";4;"05848810000116";"SESCAMP COMERCIO DE ALIMENTOS LTDA"
"05848810000116";"SESCAMP COMERCIO DE ALIMENTOS LTDA";"SESCAMP COMERCIO DE ALIMENTOS LTDA";"";"[{'nome_socio': 'Sidnei do Espirito Santo', 'tipo': 'NATURAL', 'faixa_etaria': '61-70', 'tax_id': '***212228**'}, {'nome_socio': 'Gabriela Rodrigues do Espirito Santo Donati', 'tipo': 'NATURAL', 'faixa_etaria': '31-40', 'tax_id': '***467738**'}]";"corporate_name";"SESCAMP COMERCIO DE ALIMENTOS LTDA";4;"05848810000116";"SESCAMP COMERCIO DE ALIMENTOS LTDA"
"05848810000116";"SESCAMP COMERCIO DE ALIMENTOS LTDA";"SESCAMP COMERCIO DE ALIMENTOS LTDA";"";"[{'nome_socio': 'Sidnei do Espirito Santo', 'tipo': 'NATURAL', 'faixa_etaria': '61-70', 'tax_id': '***212228**'}, {'nome_socio': 'Gabriela Rodrigues do Espirito Santo Donati', 'tipo': 'NATURAL', 'faixa_etaria': '31-40', 'tax_id': '***467738**'}]";"corporate_name";"SESCAMP COMERCIO DE ALIMENTOS LTDA";4;"05848810000116";"SESCAMP COMERCIO DE ALIMENTOS LTDA"
"05848810000116";"SESCAMP COMERCIO DE ALIMENTOS LTDA";"SESCAMP COMERCIO DE ALIMENTOS LTDA";"";"[{'nome_socio': 'Sidnei do Espirito Santo', 'tipo': 'NATURAL', 'faixa_etaria': '61-70', 'tax_id': '***212228**'}, {'nome_socio': 'Gabriela Rodrigues do Espirito Santo Donati', 'tipo': 'NATURAL', 'faixa_etaria': '31-40', 'tax_id': '***467738**'}]";"corporate_name";"SESCAMP COMERCIO DE ALIMENTOS LTDA";4;"05848810000116";"SESCAMP COMERCIO DE ALIMENTOS LTDA"
"18151164000185";"MARCELA HASTENREITER PORTES DUAR MOL";"MARCELA HASTENREITER PORTES DUAR MOL";"Mh Uniq Esthetic";"";"corporate_name";"MARCELA HASTENREITER PORTES DUAR MOL";5;"18151164000185";"MARCELA HASTENREITER PORTES DUAR MOL"
"18429680000129";"STEPHANIE LOLO BIOMEDICA ESTETA LTDA";"STEPHANIE LOLO BIOMEDICA ESTETA LTDA";"Stephanie Lolo Biomedica Esteta";"[{'nome_socio': 'Stephanie Almeida de Lolo', 'tipo': 'NATURAL', 'faixa_etaria': '31-40', 'tax_id': '***296018**'}]";"corporate_name";"STEPHANIE LOLO BIOMEDICA ESTETA LTDA";5;"18429680000129";"STEPHANIE LOLO BIOMEDICA ESTETA LTDA"
"18429680000129";"STEPHANIE LOLO BIOMEDICA ESTETA LTDA";"STEPHANIE LOLO BIOMEDICA ESTETA LTDA";"Stephanie Lolo Biomedica Esteta";"[{'nome_socio': 'Stephanie Almeida de Lolo', 'tipo': 'NATURAL', 'faixa_etaria': '31-40', 'tax_id': '***296018**'}]";"trade_name";"Stephanie Lolo Biomedica Esteta";4;"18429680000129";"STEPHANIE LOLO BIOMEDICA ESTETA LTDA"
"18429680000129";"STEPHANIE LOLO BIOMEDICA ESTETA LTDA";"STEPHANIE LOLO BIOMEDICA ESTETA LTDA";"Stephanie Lolo Biomedica Esteta";"[{'nome_socio': 'Stephanie Almeida de Lolo', 'tipo': 'NATURAL', 'faixa_etaria': '31-40', 'tax_id': '***296018**'}]";"partner";"Stephanie Almeida de Lolo";2;"18429680000129";"STEPHANIE LOLO BIOMEDICA ESTETA LTDA"
"20729204000175";"LUME LASER - EQUIPAMENTOS PARA ESTETICA LTDA";"LUME LASER - EQUIPAMENTOS PARA ESTETICA LTDA";"Lume Laser Locacoes de Equipamentos Para Estetica";"[{'nome_socio': 'Marcelo Augusto Farias Jasset', 'tipo': 'NATURAL', 'faixa_etaria': '51-60', 'tax_id': '***878637**'}]";"corporate_name";"ANA SANCHES COSMETICOS E ESTETICA LTDA";2;"31463285000120";"ANA SANCHES COSMETICOS E ESTETICA LTDA"
"40710160000149";"MARIANA LUCHIN DERMATOLOGIA E ESTETICA LTDA";"MARIANA LUCHIN DERMATOLOGIA E ESTETICA LTDA";"Mariana Luchin Dermatologia";"[{'nome_socio': 'Mariana Luchin Diniz Silva', 'tipo': 'NATURAL', 'faixa_etaria': '31-40', 'tax_id': '***769198**'}]";"corporate_name";"ANA SANCHES COSMETICOS E ESTETICA LTDA";2;"31463285000120";"ANA SANCHES COSMETICOS E ESTETICA LTDA"
"14265814000162";"S Cosméticos do Bem Indústria e Comércio LTDA";"S COSMETICOS DO BEM INDUSTRIA E COMERCIO LTDA";"S Distribuidora de Produtos Cosmeticos";"[{'nome_socio': 'Soraya El Khatib', 'tipo': 'NATURAL', 'faixa_etaria': '51-60', 'tax_id': '***345418**'}]";"corporate_name";"ANA SANCHES COSMETICOS E ESTETICA LTDA";2;"31463285000120";"ANA SANCHES COSMETICOS E ESTETICA LTDA"
"31463285000120";"ANA SANCHES COSMETICOS E ESTETICA LTDA";"ANA SANCHES COSMETICOS E ESTETICA LTDA";"";"[{'nome_socio': 'Samantha Regina Galo Sanches', 'tipo': 'NATURAL', 'faixa_etaria': '41-50', 'tax_id': '***860808**'}, {'nome_socio': 'Newton Sanches Junior', 'tipo': 'NATURAL', 'faixa_etaria': '51-60', 'tax_id': '***368348**'}]";"corporate_name";"ANA SANCHES COSMETICOS E ESTETICA LTDA";5;"31463285000120";"ANA SANCHES COSMETICOS E ESTETICA LTDA"
"40656554000166";"INSTITUTO VIA ESTETICA LTDA";"INSTITUTO VIA ESTETICA LTDA";"";"[{'nome_socio': 'Marcela Patera Ribeiro dos Santos', 'tipo': 'NATURAL', 'faixa_etaria': '31-40', 'tax_id': '***970208**'}, {'nome_socio': 'Mariela Scheren', 'tipo': 'NATURAL', 'faixa_etaria': '41-50', 'tax_id': '***791580**'}]";"corporate_name";"ANA SANCHES COSMETICOS E ESTETICA LTDA";2;"31463285000120";"ANA SANCHES COSMETICOS E ESTETICA LTDA"
"40901286000109";"CLINICA DE ESTETICA JUNDIAI LTDA";"CLINICA DE ESTETICA JUNDIAI LTDA";"";"[{'nome_socio': 'Thiago Luis Venturi', 'tipo': 'NATURAL', 'faixa_etaria': '31-40', 'tax_id': '***141728**'}]";"corporate_name";"ANA SANCHES COSMETICOS E ESTETICA LTDA";2;"31463285000120";"ANA SANCHES COSMETICOS E ESTETICA LTDA"
"46995444000105";"LUANA ARAUJO BIOMEDICINA ESTETICA LTDA";"LUANA ARAUJO BIOMEDICINA ESTETICA LTDA";"";"[{'nome_socio': 'Luana da Silva Araujo', 'tipo': 'NATURAL', 'faixa_etaria': '31-40', 'tax_id': '***599508**'}]";"corporate_name";"ANA SANCHES COSMETICOS E ESTETICA LTDA";2;"31463285000120";"ANA SANCHES COSMETICOS E ESTETICA LTDA"
"20729204000175";"LUME LASER - EQUIPAMENTOS PARA ESTETICA LTDA";"LUME LASER - EQUIPAMENTOS PARA ESTETICA LTDA";"Lume Laser Locacoes de Equipamentos Para Estetica";"[{'nome_socio': 'Marcelo Augusto Farias Jasset', 'tipo': 'NATURAL', 'faixa_etaria': '51-60', 'tax_id': '***878637**'}]";"corporate_name";"INSTITUTO VIA ESTETICA LTDA";2;"40656554000166";"INSTITUTO VIA ESTETICA LTDA"
"40710160000149";"MARIANA LUCHIN DERMATOLOGIA E ESTETICA LTDA";"MARIANA LUCHIN DERMATOLOGIA E ESTETICA LTDA";"Mariana Luchin Dermatologia";"[{'nome_socio': 'Mariana Luchin Diniz Silva', 'tipo': 'NATURAL', 'faixa_etaria': '31-40', 'tax_id': '***769198**'}]";"corporate_name";"INSTITUTO VIA ESTETICA LTDA";2;"40656554000166";"INSTITUTO VIA ESTETICA LTDA"
"31463285000120";"ANA SANCHES COSMETICOS E ESTETICA LTDA";"ANA SANCHES COSMETICOS E ESTETICA LTDA";"";"[{'nome_socio': 'Samantha Regina Galo Sanches', 'tipo': 'NATURAL', 'faixa_etaria': '41-50', 'tax_id': '***860808**'}, {'nome_socio': 'Newton Sanches Junior', 'tipo': 'NATURAL', 'faixa_etaria': '51-60', 'tax_id': '***368348**'}]";"corporate_name";"INSTITUTO VIA ESTETICA LTDA";2;"40656554000166";"INSTITUTO VIA ESTETICA LTDA"
"40656554000166";"INSTITUTO VIA ESTETICA LTDA";"INSTITUTO VIA ESTETICA LTDA";"";"[{'nome_socio': 'Marcela Patera Ribeiro dos Santos', 'tipo': 'NATURAL', 'faixa_etaria': '31-40', 'tax_id': '***970208**'}, {'nome_socio': 'Mariela Scheren', 'tipo': 'NATURAL', 'faixa_etaria': '41-50', 'tax_id': '***791580**'}]";"corporate_name";"INSTITUTO VIA ESTETICA LTDA";4;"40656554000166";"INSTITUTO VIA ESTETICA LTDA"
"40901286000109";"CLINICA DE ESTETICA JUNDIAI LTDA";"CLINICA DE ESTETICA JUNDIAI LTDA";"";"[{'nome_socio': 'Thiago Luis Venturi', 'tipo': 'NATURAL', 'faixa_etaria': '31-40', 'tax_id': '***141728**'}]";"corporate_name";"INSTITUTO VIA ESTETICA LTDA";2;"40656554000166";"INSTITUTO VIA ESTETICA LTDA"
"46995444000105";"LUANA ARAUJO BIOMEDICINA ESTETICA LTDA";"LUANA ARAUJO BIOMEDICINA ESTETICA LTDA";"";"[{'nome_socio': 'Luana da Silva Araujo', 'tipo': 'NATURAL', 'faixa_etaria': '31-40', 'tax_id': '***599508**'}]";"corporate_name";"INSTITUTO VIA ESTETICA LTDA";2;"40656554000166";"INSTITUTO VIA ESTETICA LTDA"
"20729204000175";"LUME LASER - EQUIPAMENTOS PARA ESTETICA LTDA";"LUME LASER - EQUIPAMENTOS PARA ESTETICA LTDA";"Lume Laser Locacoes de Equipamentos Para Estetica";"[{'nome_socio': 'Marcelo Augusto Farias Jasset', 'tipo': 'NATURAL', 'faixa_etaria': '51-60', 'tax_id': '***878637**'}]";"corporate_name";"CLINICA DE ESTETICA JUNDIAI LTDA";2;"40901286000109";"CLINICA DE ESTETICA JUNDIAI LTDA"
"40710160000149";"MARIANA LUCHIN DERMATOLOGIA E ESTETICA LTDA";"MARIANA LUCHIN DERMATOLOGIA E ESTETICA LTDA";"Mariana Luchin Dermatologia";"[{'nome_socio': 'Mariana Luchin Diniz Silva', 'tipo': 'NATURAL', 'faixa_etaria': '31-40', 'tax_id': '***769198**'}]";"corporate_name";"CLINICA DE ESTETICA JUNDIAI LTDA";2;"40901286000109";"CLINICA DE ESTETICA JUNDIAI LTDA"
"42847005000102";"CLINICA DE ESTETICA INDAIATUBA LTBA";"CLINICA DE ESTETICA INDAIATUBA LTBA";"";"[{'nome_socio': 'Marcos Antonio Generoso', 'tipo': 'NATURAL', 'faixa_etaria': '41-50', 'tax_id': '***190768**'}]";"corporate_name";"CLINICA DE ESTETICA JUNDIAI LTDA";2;"40901286000109";"CLINICA DE ESTETICA JUNDIAI LTDA"
"31463285000120";"ANA SANCHES COSMETICOS E ESTETICA LTDA";"ANA SANCHES COSMETICOS E ESTETICA LTDA";"";"[{'nome_socio': 'Samantha Regina Galo Sanches', 'tipo': 'NATURAL', 'faixa_etaria': '41-50', 'tax_id': '***860808**'}, {'nome_socio': 'Newton Sanches Junior', 'tipo': 'NATURAL', 'faixa_etaria': '51-60', 'tax_id': '***368348**'}]";"corporate_name";"CLINICA DE ESTETICA JUNDIAI LTDA";2;"40901286000109";"CLINICA DE ESTETICA JUNDIAI LTDA"
"40656554000166";"INSTITUTO VIA ESTETICA LTDA";"INSTITUTO VIA ESTETICA LTDA";"";"[{'nome_socio': 'Marcela Patera Ribeiro dos Santos', 'tipo': 'NATURAL', 'faixa_etaria': '31-40', 'tax_id': '***970208**'}, {'nome_socio': 'Mariela Scheren', 'tipo': 'NATURAL', 'faixa_etaria': '41-50', 'tax_id': '***791580**'}]";"corporate_name";"CLINICA DE ESTETICA JUNDIAI LTDA";2;"40901286000109";"CLINICA DE ESTETICA JUNDIAI LTDA"
"40901286000109";"CLINICA DE ESTETICA JUNDIAI LTDA";"CLINICA DE ESTETICA JUNDIAI LTDA";"";"[{'nome_socio': 'Thiago Luis Venturi', 'tipo': 'NATURAL', 'faixa_etaria': '31-40', 'tax_id': '***141728**'}]";"corporate_name";"CLINICA DE ESTETICA JUNDIAI LTDA";4;"40901286000109";"CLINICA DE ESTETICA JUNDIAI LTDA"
"46995444000105";"LUANA ARAUJO BIOMEDICINA ESTETICA LTDA";"LUANA ARAUJO BIOMEDICINA ESTETICA LTDA";"";"[{'nome_socio': 'Luana da Silva Araujo', 'tipo': 'NATURAL', 'faixa_etaria': '31-40', 'tax_id': '***599508**'}]";"corporate_name";"CLINICA DE ESTETICA JUNDIAI LTDA";2;"40901286000109";"CLINICA DE ESTETICA JUNDIAI LTDA"
"47105254000138";"INFINITY COMPANY BY GG LTDA";"INFINITY COMPANY BY GG LTDA";"";"[{'nome_socio': 'Gabrieli Zago', 'tipo': 'NATURAL', 'faixa_etaria': '21-30', 'tax_id': '***836968**'}]";"corporate_name";"INFINITY CARE MED LOCACOES LTDA";2;"43327671000174";"INFINITY CARE MED LOCACOES LTDA"
"43327671000174";"INFINITY CARE MED LOCACOES LTDA";"INFINITY CARE MED LOCACOES LTDA";"Infinity Care";"[{'nome_socio': 'Ivanildo Gomes Cazumba', 'tipo': 'NATURAL', 'faixa_etaria': '51-60', 'tax_id': '***845561**'}]";"corporate_name";"INFINITY CARE MED LOCACOES LTDA";5;"43327671000174";"INFINITY CARE MED LOCACOES LTDA"
"43327671000174";"INFINITY CARE MED LOCACOES LTDA";"INFINITY CARE MED LOCACOES LTDA";"Infinity Care";"[{'nome_socio': 'Ivanildo Gomes Cazumba', 'tipo': 'NATURAL', 'faixa_etaria': '51-60', 'tax_id': '***845561**'}]";"trade_name";"Infinity Care";2;"43327671000174";"INFINITY CARE MED LOCACOES LTDA"
"43776517000180";"COMPANHIA DE SANEAMENTO BASICO DO ESTADO DE SAO PAULO - SABESP";"COMPANHIA DE SANEAMENTO BASICO DO ESTADO DE SAO PAULO - SABESP";"Sabesp";"[{'nome_socio': 'Alexandre Goncalves Silva', 'tipo': 'NATURAL', 'faixa_etaria': '71-80', 'tax_id': '***153817**'}, {'nome_socio': 'Daniel Szlak', 'tipo': 'NATURAL', 'faixa_etaria': '31-40', 'tax_id': '***988698**'}, {'nome_socio': 'Tiago de Almeida Noel', 'tipo': 'NATURAL', 'faixa_etaria': '31-40', 'tax_id': '***581217**'}, {'nome_socio': 'Anderson Marcio de Oliveira', 'tipo': 'NATURAL', 'faixa_etaria': '41-50', 'tax_id': '***741924**'}, {'nome_socio': 'Gustavo Rocha Gattass', 'tipo': 'NATURAL', 'faixa_etaria': '41-50', 'tax_id': '***302477**'}, {'nome_socio': 'Claudia Polto da Cunha', 'tipo': 'NATURAL', 'faixa_etaria': '51-60', 'tax_id': '***276788**'}, {'nome_socio': 'Nerylson Lima da Silva', 'tipo': 'NATURAL', 'faixa_etaria': '51-60', 'tax_id': '***475664**'}, {'nome_socio': 'Karolina Fonseca Lima', 'tipo': 'NATURAL', 'faixa_etaria': '51-60', 'tax_id': '***926613**'}, {'nome_socio': 'Tinn Freire Amado', 'tipo': 'NATURAL', 'faixa_etaria': '41-50', 'tax_id': '***589836**'}, {'nome_socio': 'Karla Bertocco Trindade', 'tipo': 'NATURAL', 'faixa_etaria': '41-50', 'tax_id': '***211228**'}, {'nome_socio': 'Augusto Miranda da Paz Junior', 'tipo': 'NATURAL', 'faixa_etaria': '61-70', 'tax_id': '***053015**'}, {'nome_socio': 'Roberval Tavares de Souza', 'tipo': 'NATURAL', 'faixa_etaria': '51-60', 'tax_id': '***543688**'}, {'nome_socio': 'Carlos Augusto Leone Piani', 'tipo': 'NATURAL', 'faixa_etaria': '51-60', 'tax_id': '***323737**'}, {'nome_socio': 'Mateus Affonso Bandeira', 'tipo': 'NATURAL', 'faixa_etaria': '51-60', 'tax_id': '***483970**'}]";"corporate_name";"COMPANHIA DE SANEAMENTO BASICO DO ESTADO DE SAO PAULO - SABESP";7;"43776517000180";"COMPANHIA DE SANEAMENTO BASICO DO ESTADO DE SAO PAULO - SABESP"
"20729204000175";"LUME LASER - EQUIPAMENTOS PARA ESTETICA LTDA";"LUME LASER - EQUIPAMENTOS PARA ESTETICA LTDA";"Lume Laser Locacoes de Equipamentos Para Estetica";"[{'nome_socio': 'Marcelo Augusto Farias Jasset', 'tipo': 'NATURAL', 'faixa_etaria': '51-60', 'tax_id': '***878637**'}]";"corporate_name";"LUANA ARAUJO BIOMEDICINA ESTETICA LTDA";2;"46995444000105";"LUANA ARAUJO BIOMEDICINA ESTETICA LTDA"
"40710160000149";"MARIANA LUCHIN DERMATOLOGIA E ESTETICA LTDA";"MARIANA LUCHIN DERMATOLOGIA E ESTETICA LTDA";"Mariana Luchin Dermatologia";"[{'nome_socio': 'Mariana Luchin Diniz Silva', 'tipo': 'NATURAL', 'faixa_etaria': '31-40', 'tax_id': '***769198**'}]";"corporate_name";"LUANA ARAUJO BIOMEDICINA ESTETICA LTDA";2;"46995444000105";"LUANA ARAUJO BIOMEDICINA ESTETICA LTDA"
"31463285000120";"ANA SANCHES COSMETICOS E ESTETICA LTDA";"ANA SANCHES COSMETICOS E ESTETICA LTDA";"";"[{'nome_socio': 'Samantha Regina Galo Sanches', 'tipo': 'NATURAL', 'faixa_etaria': '41-50', 'tax_id': '***860808**'}, {'nome_socio': 'Newton Sanches Junior', 'tipo': 'NATURAL', 'faixa_etaria': '51-60', 'tax_id': '***368348**'}]";"corporate_name";"LUANA ARAUJO BIOMEDICINA ESTETICA LTDA";2;"46995444000105";"LUANA ARAUJO BIOMEDICINA ESTETICA LTDA"
"40656554000166";"INSTITUTO VIA ESTETICA LTDA";"INSTITUTO VIA ESTETICA LTDA";"";"[{'nome_socio': 'Marcela Patera Ribeiro dos Santos', 'tipo': 'NATURAL', 'faixa_etaria': '31-40', 'tax_id': '***970208**'}, {'nome_socio': 'Mariela Scheren', 'tipo': 'NATURAL', 'faixa_etaria': '41-50', 'tax_id': '***791580**'}]";"corporate_name";"LUANA ARAUJO BIOMEDICINA ESTETICA LTDA";2;"46995444000105";"LUANA ARAUJO BIOMEDICINA ESTETICA LTDA"
"40901286000109";"CLINICA DE ESTETICA JUNDIAI LTDA";"CLINICA DE ESTETICA JUNDIAI LTDA";"";"[{'nome_socio': 'Thiago Luis Venturi', 'tipo': 'NATURAL', 'faixa_etaria': '31-40', 'tax_id': '***141728**'}]";"corporate_name";"LUANA ARAUJO BIOMEDICINA ESTETICA LTDA";2;"46995444000105";"LUANA ARAUJO BIOMEDICINA ESTETICA LTDA"
"46995444000105";"LUANA ARAUJO BIOMEDICINA ESTETICA LTDA";"LUANA ARAUJO BIOMEDICINA ESTETICA LTDA";"";"[{'nome_socio': 'Luana da Silva Araujo', 'tipo': 'NATURAL', 'faixa_etaria': '31-40', 'tax_id': '***599508**'}]";"corporate_name";"LUANA ARAUJO BIOMEDICINA ESTETICA LTDA";5;"46995444000105";"LUANA ARAUJO BIOMEDICINA ESTETICA LTDA"
"46995444000105";"LUANA ARAUJO BIOMEDICINA ESTETICA LTDA";"LUANA ARAUJO BIOMEDICINA ESTETICA LTDA";"";"[{'nome_socio': 'Luana da Silva Araujo', 'tipo': 'NATURAL', 'faixa_etaria': '31-40', 'tax_id': '***599508**'}]";"partner";"Luana da Silva Araujo";2;"46995444000105";"LUANA ARAUJO BIOMEDICINA ESTETICA LTDA"
"48327325000100";"STATERA CORPO & MENTE LTDA";"STATERA CORPO & MENTE LTDA";"";"[{'nome_socio': 'Ricardo Carpintero Lauer', 'tipo': 'NATURAL', 'faixa_etaria': '41-50', 'tax_id': '***075848**'}]";"corporate_name";"STATERA CORPO & MENTE LTDA";4;"48327325000100";"STATERA CORPO & MENTE LTDA"
