[
    {
        "date": "30/09/2024",
        "document": "69291039",
        "description": "TRANSF.REALIZADA PIX SICOOB-MESMA TIT. FAV.: MMG LOCACAO DE MAQUINAS LTDA\nTransferência Pix\nMMG LOCACAO DE MAQUINAS LTDA\n44.388.803 0001-30",
        "amount": -530.0,
        "transaction_type": "Débito",
        "cpf_cnpj_parcial": "44388803000130",
        "possiveis_contatos": [
            {
                "cpf_cnpj": 44388803000130,
                "nome": "MMG LOCACAO DE MAQUINAS LTDA",
                "razao_social": "MMG LOCACAO DE MAQUINAS LTDA",
                "nome_fantasia": "",
                "socios": "[{\"nome_socio\": \"Guilherme Borelli\", \"tipo\": \"NATURAL\", \"faixa_etaria\": \"31-40\", \"tax_id\": \"***985678**\"}, {\"nome_socio\": \"Marcus Vinicius Machado Goncalves\", \"tipo\": \"NATURAL\", \"faixa_etaria\": \"31-40\", \"tax_id\": \"***877988**\"}]"
            }
        ],
        "contato": {
            "cpf_cnpj": "44388803000130",
            "nome": "MMG LOCACAO DE MAQUINAS LTDA",
            "razao_social": "MMG LOCACAO DE MAQUINAS LTDA",
            "nome_fantasia": "",
            "socios": [
                {
                    "nome_socio": "Guilherme Borelli",
                    "tipo": "NATURAL",
                    "faixa_etaria": "31-40",
                    "tax_id": "***985678**"
                },
                {
                    "nome_socio": "Marcus Vinicius Machado Goncalves",
                    "tipo": "NATURAL",
                    "faixa_etaria": "31-40",
                    "tax_id": "***877988**"
                }
            ]
        }
    },
    {
        "date": "30/09/2024",
        "document": "4620",
        "description": "CRED.TRANSF.CONTAS INTERCREDIS REM.: INFINITY CARE MED LOCACOES LTDA\nTransferência Pix\nINFINITY CARE MED LOCACOES LTDA\n43.327.671 0001-74",
        "amount": 500.0,
        "transaction_type": "Crédito",
        "cpf_cnpj_parcial": "43327671000174",
        "possiveis_contatos": [
            {
                "cpf_cnpj": 43327671000174,
                "nome": "INFINITY CARE MED LOCACOES LTDA",
                "razao_social": "INFINITY CARE MED LOCACOES LTDA",
                "nome_fantasia": "Infinity Care",
                "socios": "[{\"nome_socio\": \"Ivanildo Gomes Cazumba\", \"tipo\": \"NATURAL\", \"faixa_etaria\": \"51-60\", \"tax_id\": \"***845561**\"}]"
            }
        ],
        "contato": {
            "cpf_cnpj": "43327671000174",
            "nome": "INFINITY CARE MED LOCACOES LTDA",
            "razao_social": "INFINITY CARE MED LOCACOES LTDA",
            "nome_fantasia": "Infinity Care",
            "socios": [
                {
                    "nome_socio": "Ivanildo Gomes Cazumba",
                    "tipo": "NATURAL",
                    "faixa_etaria": "51-60",
                    "tax_id": "***845561**"
                }
            ]
        }
    },
    {
        "date": "30/09/2024",
        "document": "69283220",
        "description": "TRANSF.REALIZADA PIX SICOOB-MESMA TIT. FAV.: MMG LOCACAO DE MAQUINAS LTDA\nTransferência Pix\nMMG LOCACAO DE MAQUINAS LTDA\n44.388.803 0001-30",
        "amount": -900.0,
        "transaction_type": "Débito",
        "cpf_cnpj_parcial": "44388803000130",
        "possiveis_contatos": [
            {
                "cpf_cnpj": 44388803000130,
                "nome": "MMG LOCACAO DE MAQUINAS LTDA",
                "razao_social": "MMG LOCACAO DE MAQUINAS LTDA",
                "nome_fantasia": "",
                "socios": "[{\"nome_socio\": \"Guilherme Borelli\", \"tipo\": \"NATURAL\", \"faixa_etaria\": \"31-40\", \"tax_id\": \"***985678**\"}, {\"nome_socio\": \"Marcus Vinicius Machado Goncalves\", \"tipo\": \"NATURAL\", \"faixa_etaria\": \"31-40\", \"tax_id\": \"***877988**\"}]"
            }
        ],
        "contato": {
            "cpf_cnpj": "44388803000130",
            "nome": "MMG LOCACAO DE MAQUINAS LTDA",
            "razao_social": "MMG LOCACAO DE MAQUINAS LTDA",
            "nome_fantasia": "",
            "socios": [
                {
                    "nome_socio": "Guilherme Borelli",
                    "tipo": "NATURAL",
                    "faixa_etaria": "31-40",
                    "tax_id": "***985678**"
                },
                {
                    "nome_socio": "Marcus Vinicius Machado Goncalves",
                    "tipo": "NATURAL",
                    "faixa_etaria": "31-40",
                    "tax_id": "***877988**"
                }
            ]
        }
    },
    {
        "date": "30/09/2024",
        "document": "69274254",
        "description": "TRANSF.REALIZADA PIX SICOOB FAV.: MARCUS VINICIUS MACHADO GONCALVES\nTransferência Pix\nMMG LOCACAO DE MAQUINAS LTDA\n44.388.803 0001-30",
        "amount": -3938.64,
        "transaction_type": "Débito",
        "cpf_cnpj_parcial": "44388803000130",
        "possiveis_contatos": [
            {
                "cpf_cnpj": 44388803000130,
                "nome": "MMG LOCACAO DE MAQUINAS LTDA",
                "razao_social": "MMG LOCACAO DE MAQUINAS LTDA",
                "nome_fantasia": "",
                "socios": "[{\"nome_socio\": \"Guilherme Borelli\", \"tipo\": \"NATURAL\", \"faixa_etaria\": \"31-40\", \"tax_id\": \"***985678**\"}, {\"nome_socio\": \"Marcus Vinicius Machado Goncalves\", \"tipo\": \"NATURAL\", \"faixa_etaria\": \"31-40\", \"tax_id\": \"***877988**\"}]"
            }
        ],
        "contato": {
            "cpf_cnpj": "44388803000130",
            "nome": "MMG LOCACAO DE MAQUINAS LTDA",
            "razao_social": "MMG LOCACAO DE MAQUINAS LTDA",
            "nome_fantasia": "",
            "socios": [
                {
                    "nome_socio": "Guilherme Borelli",
                    "tipo": "NATURAL",
                    "faixa_etaria": "31-40",
                    "tax_id": "***985678**"
                },
                {
                    "nome_socio": "Marcus Vinicius Machado Goncalves",
                    "tipo": "NATURAL",
                    "faixa_etaria": "31-40",
                    "tax_id": "***877988**"
                }
            ]
        }
    },
    {
        "date": "30/09/2024",
        "document": "Pix",
        "description": "PIX EMITIDO OUTRA IF Pagamento Pix\n03.506.307 0001-57",
        "amount": -1000.0,
        "transaction_type": "Débito",
        "cpf_cnpj_parcial": "03506307000157",
        "possiveis_contatos": [],
        "contato": {
            "cpf_cnpj": "03506307000157",
            "nome": "TICKET SOLUCOES HDFGT S/A",
            "razao_social": "TICKET SOLUCOES HDFGT S/A",
            "nome_fantasia": "Ticket Log",
            "socios": [
                {
                    "nome_socio": "Gilles Andre Coccoli",
                    "tipo": "NATURAL",
                    "faixa_etaria": "51-60",
                    "tax_id": "***843778**"
                },
                {
                    "nome_socio": "Douglas Almeida Pina",
                    "tipo": "NATURAL",
                    "faixa_etaria": "51-60",
                    "tax_id": "***074816**"
                },
                {
                    "nome_socio": "Haroldo Pimentel Stumpf",
                    "tipo": "NATURAL",
                    "faixa_etaria": "41-50",
                    "tax_id": "***781420**"
                },
                {
                    "nome_socio": "Philippe Pierre Marie Blecon",
                    "tipo": "NATURAL",
                    "faixa_etaria": "51-60",
                    "tax_id": "***034898**"
                },
                {
                    "nome_socio": "Ricardo Ernesto Correa da Silva",
                    "tipo": "NATURAL",
                    "faixa_etaria": "51-60",
                    "tax_id": "***307800**"
                },
                {
                    "nome_socio": "Diane Emmanuelle Anne Coliche",
                    "tipo": "NATURAL",
                    "faixa_etaria": "41-50",
                    "tax_id": "***876938**"
                },
                {
                    "nome_socio": "Mathieu Dehaine",
                    "tipo": "NATURAL",
                    "faixa_etaria": "31-40",
                    "tax_id": "***588878**"
                }
            ]
        }
    },
    {
        "date": "30/09/2024",
        "document": "Pix",
        "description": "PIX RECEBIDO - OUTRA IF Recebimento Pix\nLUANA ARAUJO BI\n46.995.444 0001-05",
        "amount": 1900.0,
        "transaction_type": "Crédito",
        "cpf_cnpj_parcial": "46995444000105",
        "possiveis_contatos": [
            {
                "cpf_cnpj": 46995444000105,
                "nome": "LUANA ARAUJO BIOMEDICINA ESTETICA LTDA",
                "razao_social": "LUANA ARAUJO BIOMEDICINA ESTETICA LTDA",
                "nome_fantasia": "",
                "socios": "[{\"nome_socio\": \"Luana da Silva Araujo\", \"tipo\": \"NATURAL\", \"faixa_etaria\": \"31-40\", \"tax_id\": \"***599508**\"}]"
            }
        ],
        "contato": {
            "cpf_cnpj": "46995444000105",
            "nome": "LUANA ARAUJO BIOMEDICINA ESTETICA LTDA",
            "razao_social": "LUANA ARAUJO BIOMEDICINA ESTETICA LTDA",
            "nome_fantasia": "",
            "socios": [
                {
                    "nome_socio": "Luana da Silva Araujo",
                    "tipo": "NATURAL",
                    "faixa_etaria": "31-40",
                    "tax_id": "***599508**"
                }
            ]
        }
    },
    {
        "date": "30/09/2024",
        "document": "Pix",
        "description": "PIX RECEBIDO - OUTRA IF Recebimento Pix\nELIANA FONSECA COSTA 14144300862\n36.543.507 0001-39\nLili  Lavieen",
        "amount": 2500.0,
        "transaction_type": "Crédito",
        "cpf_cnpj_parcial": "300862",
        "possiveis_contatos": [],
        "contato": {}
    },
    {
        "date": "30/09/2024",
        "document": "Pix",
        "description": "PIX RECEBIDO - OUTRA IF Recebimento Pix\nSTATERA CORPO E\n48.327.325 0001-00",
        "amount": 1467.3,
        "transaction_type": "Crédito",
        "cpf_cnpj_parcial": "48327325000100",
        "possiveis_contatos": [
            {
                "cpf_cnpj": 48327325000100,
                "nome": "STATERA CORPO & MENTE LTDA",
                "razao_social": "STATERA CORPO & MENTE LTDA",
                "nome_fantasia": "",
                "socios": "[{\"nome_socio\": \"Ricardo Carpintero Lauer\", \"tipo\": \"NATURAL\", \"faixa_etaria\": \"41-50\", \"tax_id\": \"***075848**\"}]"
            }
        ],
        "contato": {
            "cpf_cnpj": "48327325000100",
            "nome": "STATERA CORPO & MENTE LTDA",
            "razao_social": "STATERA CORPO & MENTE LTDA",
            "nome_fantasia": "",
            "socios": [
                {
                    "nome_socio": "Ricardo Carpintero Lauer",
                    "tipo": "NATURAL",
                    "faixa_etaria": "41-50",
                    "tax_id": "***075848**"
                }
            ]
        }
    },
    {
        "date": "26/09/2024",
        "document": "69188253",
        "description": "TRANSF.REALIZADA PIX SICOOB-MESMA TIT. FAV.: MMG LOCACAO DE MAQUINAS LTDA\nTransferência Pix\nMMG LOCACAO DE MAQUINAS LTDA\n44.388.803 0001-30",
        "amount": -750.0,
        "transaction_type": "Débito",
        "cpf_cnpj_parcial": "44388803000130",
        "possiveis_contatos": [
            {
                "cpf_cnpj": 44388803000130,
                "nome": "MMG LOCACAO DE MAQUINAS LTDA",
                "razao_social": "MMG LOCACAO DE MAQUINAS LTDA",
                "nome_fantasia": "",
                "socios": "[{\"nome_socio\": \"Guilherme Borelli\", \"tipo\": \"NATURAL\", \"faixa_etaria\": \"31-40\", \"tax_id\": \"***985678**\"}, {\"nome_socio\": \"Marcus Vinicius Machado Goncalves\", \"tipo\": \"NATURAL\", \"faixa_etaria\": \"31-40\", \"tax_id\": \"***877988**\"}]"
            }
        ],
        "contato": {
            "cpf_cnpj": "44388803000130",
            "nome": "MMG LOCACAO DE MAQUINAS LTDA",
            "razao_social": "MMG LOCACAO DE MAQUINAS LTDA",
            "nome_fantasia": "",
            "socios": [
                {
                    "nome_socio": "Guilherme Borelli",
                    "tipo": "NATURAL",
                    "faixa_etaria": "31-40",
                    "tax_id": "***985678**"
                },
                {
                    "nome_socio": "Marcus Vinicius Machado Goncalves",
                    "tipo": "NATURAL",
                    "faixa_etaria": "31-40",
                    "tax_id": "***877988**"
                }
            ]
        }
    },
    {
        "date": "26/09/2024",
        "document": "Pix",
        "description": "PIX RECEBIDO - OUTRA IF Recebimento Pix\nInstituto Via Estetica Ltda\n40.656.554 0001-66",
        "amount": 600.0,
        "transaction_type": "Crédito",
        "cpf_cnpj_parcial": "40656554000166",
        "possiveis_contatos": [
            {
                "cpf_cnpj": 40656554000166,
                "nome": "INSTITUTO VIA ESTETICA LTDA",
                "razao_social": "INSTITUTO VIA ESTETICA LTDA",
                "nome_fantasia": "",
                "socios": "[{\"nome_socio\": \"Marcela Patera Ribeiro dos Santos\", \"tipo\": \"NATURAL\", \"faixa_etaria\": \"31-40\", \"tax_id\": \"***970208**\"}, {\"nome_socio\": \"Mariela Scheren\", \"tipo\": \"NATURAL\", \"faixa_etaria\": \"41-50\", \"tax_id\": \"***791580**\"}]"
            }
        ],
        "contato": {
            "cpf_cnpj": "40656554000166",
            "nome": "INSTITUTO VIA ESTETICA LTDA",
            "razao_social": "INSTITUTO VIA ESTETICA LTDA",
            "nome_fantasia": "",
            "socios": [
                {
                    "nome_socio": "Marcela Patera Ribeiro dos Santos",
                    "tipo": "NATURAL",
                    "faixa_etaria": "31-40",
                    "tax_id": "***970208**"
                },
                {
                    "nome_socio": "Mariela Scheren",
                    "tipo": "NATURAL",
                    "faixa_etaria": "41-50",
                    "tax_id": "***791580**"
                }
            ]
        }
    },
    {
        "date": "26/09/2024",
        "document": "Pix",
        "description": "PIX EMITIDO OUTRA IF Pagamento Pix\n***.420.638-**",
        "amount": -1430.65,
        "transaction_type": "Débito",
        "cpf_cnpj_parcial": "420638",
        "possiveis_contatos": [],
        "contato": {}
    },
    {
        "date": "26/09/2024",
        "document": "Pix",
        "description": "PIX EMITIDO OUTRA IF Pagamento Pix\n***.026.268-**",
        "amount": -160.0,
        "transaction_type": "Débito",
        "cpf_cnpj_parcial": "026268",
        "possiveis_contatos": [],
        "contato": {
            "cpf_cnpj": "40102626804",
            "nome": "Alex Eduardo Antunes PJ",
            "razao_social": "Alex Eduardo Antunes PJ",
            "nome_fantasia": "",
            "socios": ""
        }
    },
    {
        "date": "26/09/2024",
        "document": "Pix",
        "description": "PIX RECEBIDO - OUTRA IF Recebimento Pix\nANA S C E LTDA\n31.463.285 0001-20",
        "amount": 1750.0,
        "transaction_type": "Crédito",
        "cpf_cnpj_parcial": "31463285000120",
        "possiveis_contatos": [
            {
                "cpf_cnpj": 31463285000120,
                "nome": "ANA SANCHES COSMETICOS E ESTETICA LTDA",
                "razao_social": "ANA SANCHES COSMETICOS E ESTETICA LTDA",
                "nome_fantasia": "",
                "socios": "[{\"nome_socio\": \"Samantha Regina Galo Sanches\", \"tipo\": \"NATURAL\", \"faixa_etaria\": \"41-50\", \"tax_id\": \"***860808**\"}, {\"nome_socio\": \"Newton Sanches Junior\", \"tipo\": \"NATURAL\", \"faixa_etaria\": \"51-60\", \"tax_id\": \"***368348**\"}]"
            }
        ],
        "contato": {
            "cpf_cnpj": "31463285000120",
            "nome": "ANA SANCHES COSMETICOS E ESTETICA LTDA",
            "razao_social": "ANA SANCHES COSMETICOS E ESTETICA LTDA",
            "nome_fantasia": "",
            "socios": [
                {
                    "nome_socio": "Samantha Regina Galo Sanches",
                    "tipo": "NATURAL",
                    "faixa_etaria": "41-50",
                    "tax_id": "***860808**"
                },
                {
                    "nome_socio": "Newton Sanches Junior",
                    "tipo": "NATURAL",
                    "faixa_etaria": "51-60",
                    "tax_id": "***368348**"
                }
            ]
        }
    },
    {
        "date": "24/09/2024",
        "document": "Pix",
        "description": "PIX EMITIDO OUTRA IF Pagamento Pix\n***.420.638-**",
        "amount": -2001.85,
        "transaction_type": "Débito",
        "cpf_cnpj_parcial": "420638",
        "possiveis_contatos": [],
        "contato": {}
    },
    {
        "date": "24/09/2024",
        "document": "69133292",
        "description": "TRANSF.RECEBIDA - PIX SICOOB-MESMA TIT REM.: MMG LOCACAO DE MAQUINAS LTDA\nTransferência Pix\nMMG LOCACAO DE MAQUINAS LTDA\n44.388.803 0001-30",
        "amount": 2000.0,
        "transaction_type": "Crédito",
        "cpf_cnpj_parcial": "44388803000130",
        "possiveis_contatos": [
            {
                "cpf_cnpj": 44388803000130,
                "nome": "MMG LOCACAO DE MAQUINAS LTDA",
                "razao_social": "MMG LOCACAO DE MAQUINAS LTDA",
                "nome_fantasia": "",
                "socios": "[{\"nome_socio\": \"Guilherme Borelli\", \"tipo\": \"NATURAL\", \"faixa_etaria\": \"31-40\", \"tax_id\": \"***985678**\"}, {\"nome_socio\": \"Marcus Vinicius Machado Goncalves\", \"tipo\": \"NATURAL\", \"faixa_etaria\": \"31-40\", \"tax_id\": \"***877988**\"}]"
            }
        ],
        "contato": {
            "cpf_cnpj": "44388803000130",
            "nome": "MMG LOCACAO DE MAQUINAS LTDA",
            "razao_social": "MMG LOCACAO DE MAQUINAS LTDA",
            "nome_fantasia": "",
            "socios": [
                {
                    "nome_socio": "Guilherme Borelli",
                    "tipo": "NATURAL",
                    "faixa_etaria": "31-40",
                    "tax_id": "***985678**"
                },
                {
                    "nome_socio": "Marcus Vinicius Machado Goncalves",
                    "tipo": "NATURAL",
                    "faixa_etaria": "31-40",
                    "tax_id": "***877988**"
                }
            ]
        }
    },
    {
        "date": "24/09/2024",
        "document": "69125137",
        "description": "TRANSF.REALIZADA PIX SICOOB-MESMA TIT. FAV.: MMG LOCACAO DE MAQUINAS LTDA\nTransferência Pix\nMMG LOCACAO DE MAQUINAS LTDA\n44.388.803 0001-30",
        "amount": -3720.0,
        "transaction_type": "Débito",
        "cpf_cnpj_parcial": "44388803000130",
        "possiveis_contatos": [
            {
                "cpf_cnpj": 44388803000130,
                "nome": "MMG LOCACAO DE MAQUINAS LTDA",
                "razao_social": "MMG LOCACAO DE MAQUINAS LTDA",
                "nome_fantasia": "",
                "socios": "[{\"nome_socio\": \"Guilherme Borelli\", \"tipo\": \"NATURAL\", \"faixa_etaria\": \"31-40\", \"tax_id\": \"***985678**\"}, {\"nome_socio\": \"Marcus Vinicius Machado Goncalves\", \"tipo\": \"NATURAL\", \"faixa_etaria\": \"31-40\", \"tax_id\": \"***877988**\"}]"
            }
        ],
        "contato": {
            "cpf_cnpj": "44388803000130",
            "nome": "MMG LOCACAO DE MAQUINAS LTDA",
            "razao_social": "MMG LOCACAO DE MAQUINAS LTDA",
            "nome_fantasia": "",
            "socios": [
                {
                    "nome_socio": "Guilherme Borelli",
                    "tipo": "NATURAL",
                    "faixa_etaria": "31-40",
                    "tax_id": "***985678**"
                },
                {
                    "nome_socio": "Marcus Vinicius Machado Goncalves",
                    "tipo": "NATURAL",
                    "faixa_etaria": "31-40",
                    "tax_id": "***877988**"
                }
            ]
        }
    },
    {
        "date": "24/09/2024",
        "document": "Pix",
        "description": "PIX EMITIDO OUTRA IF Pagamento Pix\n***.506.408-**",
        "amount": -56.25,
        "transaction_type": "Débito",
        "cpf_cnpj_parcial": "506408",
        "possiveis_contatos": [],
        "contato": {}
    },
    {
        "date": "24/09/2024",
        "document": "Pix",
        "description": "PIX EMITIDO OUTRA IF Pagamento Pix\n***.865.258-**",
        "amount": -2100.0,
        "transaction_type": "Débito",
        "cpf_cnpj_parcial": "865258",
        "possiveis_contatos": [],
        "contato": {}
    },
    {
        "date": "24/09/2024",
        "document": "Pix",
        "description": "PIX RECEBIDO - OUTRA IF Recebimento Pix\nDENISE DE MELLO NERY\n***.703.688-**",
        "amount": 5878.1,
        "transaction_type": "Crédito",
        "cpf_cnpj_parcial": "703688",
        "possiveis_contatos": [],
        "contato": {}
    },
    {
        "date": "23/09/2024",
        "document": "69078364",
        "description": "TRANSF.REALIZADA PIX SICOOB-MESMA TIT. FAV.: MMG LOCACAO DE MAQUINAS LTDA\nTransferência Pix\nMMG LOCACAO DE MAQUINAS LTDA\n44.388.803 0001-30",
        "amount": -1650.0,
        "transaction_type": "Débito",
        "cpf_cnpj_parcial": "44388803000130",
        "possiveis_contatos": [
            {
                "cpf_cnpj": 44388803000130,
                "nome": "MMG LOCACAO DE MAQUINAS LTDA",
                "razao_social": "MMG LOCACAO DE MAQUINAS LTDA",
                "nome_fantasia": "",
                "socios": "[{\"nome_socio\": \"Guilherme Borelli\", \"tipo\": \"NATURAL\", \"faixa_etaria\": \"31-40\", \"tax_id\": \"***985678**\"}, {\"nome_socio\": \"Marcus Vinicius Machado Goncalves\", \"tipo\": \"NATURAL\", \"faixa_etaria\": \"31-40\", \"tax_id\": \"***877988**\"}]"
            }
        ],
        "contato": {
            "cpf_cnpj": "44388803000130",
            "nome": "MMG LOCACAO DE MAQUINAS LTDA",
            "razao_social": "MMG LOCACAO DE MAQUINAS LTDA",
            "nome_fantasia": "",
            "socios": [
                {
                    "nome_socio": "Guilherme Borelli",
                    "tipo": "NATURAL",
                    "faixa_etaria": "31-40",
                    "tax_id": "***985678**"
                },
                {
                    "nome_socio": "Marcus Vinicius Machado Goncalves",
                    "tipo": "NATURAL",
                    "faixa_etaria": "31-40",
                    "tax_id": "***877988**"
                }
            ]
        }
    },
    {
        "date": "23/09/2024",
        "document": "Pix",
        "description": "PIX RECEBIDO - OUTRA IF Recebimento Pix\nESTETICA AVANCADA - CRISTIANE RIBEIRO LT\n57.277.724 0001-02",
        "amount": 1650.0,
        "transaction_type": "Crédito",
        "cpf_cnpj_parcial": "57277724000102",
        "possiveis_contatos": [
            {
                "cpf_cnpj": 57277724000102,
                "nome": "Unknown",
                "razao_social": "",
                "nome_fantasia": "",
                "socios": ""
            }
        ],
        "contato": {
            "cpf_cnpj": "57277724000102",
            "nome": "Unknown",
            "razao_social": "",
            "nome_fantasia": "",
            "socios": ""
        }
    },
    {
        "date": "20/09/2024",
        "document": "69016697",
        "description": "TRANSF.REALIZADA PIX SICOOB-MESMA TIT. FAV.: MMG LOCACAO DE MAQUINAS LTDA\nTransferência Pix\nMMG LOCACAO DE MAQUINAS LTDA\n44.388.803 0001-30",
        "amount": -1200.0,
        "transaction_type": "Débito",
        "cpf_cnpj_parcial": "44388803000130",
        "possiveis_contatos": [
            {
                "cpf_cnpj": 44388803000130,
                "nome": "MMG LOCACAO DE MAQUINAS LTDA",
                "razao_social": "MMG LOCACAO DE MAQUINAS LTDA",
                "nome_fantasia": "",
                "socios": "[{\"nome_socio\": \"Guilherme Borelli\", \"tipo\": \"NATURAL\", \"faixa_etaria\": \"31-40\", \"tax_id\": \"***985678**\"}, {\"nome_socio\": \"Marcus Vinicius Machado Goncalves\", \"tipo\": \"NATURAL\", \"faixa_etaria\": \"31-40\", \"tax_id\": \"***877988**\"}]"
            }
        ],
        "contato": {
            "cpf_cnpj": "44388803000130",
            "nome": "MMG LOCACAO DE MAQUINAS LTDA",
            "razao_social": "MMG LOCACAO DE MAQUINAS LTDA",
            "nome_fantasia": "",
            "socios": [
                {
                    "nome_socio": "Guilherme Borelli",
                    "tipo": "NATURAL",
                    "faixa_etaria": "31-40",
                    "tax_id": "***985678**"
                },
                {
                    "nome_socio": "Marcus Vinicius Machado Goncalves",
                    "tipo": "NATURAL",
                    "faixa_etaria": "31-40",
                    "tax_id": "***877988**"
                }
            ]
        }
    },
    {
        "date": "20/09/2024",
        "document": "Pix",
        "description": "PIX RECEBIDO - OUTRA IF Recebimento Pix\nCINTIA ALVES DE MENEZES 35055074825\n36.695.060 0001-13",
        "amount": 1200.0,
        "transaction_type": "Crédito",
        "cpf_cnpj_parcial": "074825",
        "possiveis_contatos": [],
        "contato": {}
    },
    {
        "date": "18/09/2024",
        "document": "DB.AUT.CRT",
        "description": "DEBITO AUTOMATICO FATURA CARTÃO VISA Debito Automatico Cartao",
        "amount": -3250.0,
        "transaction_type": "Débito",
        "cpf_cnpj_parcial": "",
        "possiveis_contatos": [],
        "contato": {}
    },
    {
        "date": "18/09/2024",
        "document": "4140",
        "description": "CRED.TRANSF.CONTAS INTERCREDIS REM.: GILIOLI SERVICOS ODONTOLOGICOS S S\nTransferência Pix\nGILIOLI SERVICOS ODONTOLOGICOS S S LTDA\n17.390.640 0001-58",
        "amount": 3250.0,
        "transaction_type": "Crédito",
        "cpf_cnpj_parcial": "17390640000158",
        "possiveis_contatos": [
            {
                "cpf_cnpj": 17390640000158,
                "nome": "GILIOLI SERVICOS ODONTOLOGICOS S S LTDA",
                "razao_social": "GILIOLI SERVICOS ODONTOLOGICOS LTDA",
                "nome_fantasia": "Instituto Cibele Gilioli",
                "socios": "[{\"nome_socio\": \"Cibele Rodrigues Gilioli\", \"tipo\": \"NATURAL\", \"faixa_etaria\": \"41-50\", \"tax_id\": \"***246858**\"}]"
            }
        ],
        "contato": {
            "cpf_cnpj": "17390640000158",
            "nome": "GILIOLI SERVICOS ODONTOLOGICOS S S LTDA",
            "razao_social": "GILIOLI SERVICOS ODONTOLOGICOS LTDA",
            "nome_fantasia": "Instituto Cibele Gilioli",
            "socios": [
                {
                    "nome_socio": "Cibele Rodrigues Gilioli",
                    "tipo": "NATURAL",
                    "faixa_etaria": "41-50",
                    "tax_id": "***246858**"
                }
            ]
        }
    },
    {
        "date": "17/09/2024",
        "document": "DB.AUT.CRT",
        "description": "DEBITO AUTOMATICO FATURA CARTÃO VISA Debito Automatico Cartao",
        "amount": -1607.8,
        "transaction_type": "Débito",
        "cpf_cnpj_parcial": "",
        "possiveis_contatos": [],
        "contato": {}
    },
    {
        "date": "16/09/2024",
        "document": "Pix",
        "description": "PIX EMITIDO OUTRA IF Pagamento Pix\n43.776.517 0001-80",
        "amount": -141.21,
        "transaction_type": "Débito",
        "cpf_cnpj_parcial": "43776517000180",
        "possiveis_contatos": [
            {
                "cpf_cnpj": 43776517000180,
                "nome": "COMPANHIA DE SANEAMENTO BASICO DO ESTADO DE SAO PAULO - SABESP",
                "razao_social": "COMPANHIA DE SANEAMENTO BASICO DO ESTADO DE SAO PAULO - SABESP",
                "nome_fantasia": "Sabesp",
                "socios": "[{\"nome_socio\": \"Alexandre Goncalves Silva\", \"tipo\": \"NATURAL\", \"faixa_etaria\": \"71-80\", \"tax_id\": \"***153817**\"}, {\"nome_socio\": \"Daniel Szlak\", \"tipo\": \"NATURAL\", \"faixa_etaria\": \"31-40\", \"tax_id\": \"***988698**\"}, {\"nome_socio\": \"Tiago de Almeida Noel\", \"tipo\": \"NATURAL\", \"faixa_etaria\": \"31-40\", \"tax_id\": \"***581217**\"}, {\"nome_socio\": \"Anderson Marcio de Oliveira\", \"tipo\": \"NATURAL\", \"faixa_etaria\": \"41-50\", \"tax_id\": \"***741924**\"}, {\"nome_socio\": \"Gustavo Rocha Gattass\", \"tipo\": \"NATURAL\", \"faixa_etaria\": \"41-50\", \"tax_id\": \"***302477**\"}, {\"nome_socio\": \"Claudia Polto da Cunha\", \"tipo\": \"NATURAL\", \"faixa_etaria\": \"51-60\", \"tax_id\": \"***276788**\"}, {\"nome_socio\": \"Nerylson Lima da Silva\", \"tipo\": \"NATURAL\", \"faixa_etaria\": \"51-60\", \"tax_id\": \"***475664**\"}, {\"nome_socio\": \"Karolina Fonseca Lima\", \"tipo\": \"NATURAL\", \"faixa_etaria\": \"51-60\", \"tax_id\": \"***926613**\"}, {\"nome_socio\": \"Tinn Freire Amado\", \"tipo\": \"NATURAL\", \"faixa_etaria\": \"41-50\", \"tax_id\": \"***589836**\"}, {\"nome_socio\": \"Karla Bertocco Trindade\", \"tipo\": \"NATURAL\", \"faixa_etaria\": \"41-50\", \"tax_id\": \"***211228**\"}, {\"nome_socio\": \"Augusto Miranda da Paz Junior\", \"tipo\": \"NATURAL\", \"faixa_etaria\": \"61-70\", \"tax_id\": \"***053015**\"}, {\"nome_socio\": \"Roberval Tavares de Souza\", \"tipo\": \"NATURAL\", \"faixa_etaria\": \"51-60\", \"tax_id\": \"***543688**\"}, {\"nome_socio\": \"Carlos Augusto Leone Piani\", \"tipo\": \"NATURAL\", \"faixa_etaria\": \"51-60\", \"tax_id\": \"***323737**\"}, {\"nome_socio\": \"Mateus Affonso Bandeira\", \"tipo\": \"NATURAL\", \"faixa_etaria\": \"51-60\", \"tax_id\": \"***483970**\"}]"
            }
        ],
        "contato": {
            "cpf_cnpj": "43776517000180",
            "nome": "COMPANHIA DE SANEAMENTO BASICO DO ESTADO DE SAO PAULO - SABESP",
            "razao_social": "COMPANHIA DE SANEAMENTO BASICO DO ESTADO DE SAO PAULO - SABESP",
            "nome_fantasia": "Sabesp",
            "socios": [
                {
                    "nome_socio": "Alexandre Goncalves Silva",
                    "tipo": "NATURAL",
                    "faixa_etaria": "71-80",
                    "tax_id": "***153817**"
                },
                {
                    "nome_socio": "Daniel Szlak",
                    "tipo": "NATURAL",
                    "faixa_etaria": "31-40",
                    "tax_id": "***988698**"
                },
                {
                    "nome_socio": "Tiago de Almeida Noel",
                    "tipo": "NATURAL",
                    "faixa_etaria": "31-40",
                    "tax_id": "***581217**"
                },
                {
                    "nome_socio": "Anderson Marcio de Oliveira",
                    "tipo": "NATURAL",
                    "faixa_etaria": "41-50",
                    "tax_id": "***741924**"
                },
                {
                    "nome_socio": "Gustavo Rocha Gattass",
                    "tipo": "NATURAL",
                    "faixa_etaria": "41-50",
                    "tax_id": "***302477**"
                },
                {
                    "nome_socio": "Claudia Polto da Cunha",
                    "tipo": "NATURAL",
                    "faixa_etaria": "51-60",
                    "tax_id": "***276788**"
                },
                {
                    "nome_socio": "Nerylson Lima da Silva",
                    "tipo": "NATURAL",
                    "faixa_etaria": "51-60",
                    "tax_id": "***475664**"
                },
                {
                    "nome_socio": "Karolina Fonseca Lima",
                    "tipo": "NATURAL",
                    "faixa_etaria": "51-60",
                    "tax_id": "***926613**"
                },
                {
                    "nome_socio": "Tinn Freire Amado",
                    "tipo": "NATURAL",
                    "faixa_etaria": "41-50",
                    "tax_id": "***589836**"
                },
                {
                    "nome_socio": "Karla Bertocco Trindade",
                    "tipo": "NATURAL",
                    "faixa_etaria": "41-50",
                    "tax_id": "***211228**"
                },
                {
                    "nome_socio": "Augusto Miranda da Paz Junior",
                    "tipo": "NATURAL",
                    "faixa_etaria": "61-70",
                    "tax_id": "***053015**"
                },
                {
                    "nome_socio": "Roberval Tavares de Souza",
                    "tipo": "NATURAL",
                    "faixa_etaria": "51-60",
                    "tax_id": "***543688**"
                },
                {
                    "nome_socio": "Carlos Augusto Leone Piani",
                    "tipo": "NATURAL",
                    "faixa_etaria": "51-60",
                    "tax_id": "***323737**"
                },
                {
                    "nome_socio": "Mateus Affonso Bandeira",
                    "tipo": "NATURAL",
                    "faixa_etaria": "51-60",
                    "tax_id": "***483970**"
                }
            ]
        }
    },
    {
        "date": "16/09/2024",
        "document": "68887432",
        "description": "DÉB.CONV.TELECOMUNICAÇÕES",
        "amount": -39.99,
        "transaction_type": "Débito",
        "cpf_cnpj_parcial": "",
        "possiveis_contatos": [],
        "contato": {}
    },
    {
        "date": "16/09/2024",
        "document": "Pix",
        "description": "PIX EMITIDO OUTRA IF Pagamento Pix\n19.468.242 0001-32",
        "amount": -240.0,
        "transaction_type": "Débito",
        "cpf_cnpj_parcial": "19468242000132",
        "possiveis_contatos": [
            {
                "cpf_cnpj": 19468242000132,
                "nome": "ZOOP TECNOLOGIA & INSTITUICAO DE PAGAMENTO S.A.",
                "razao_social": "ZOOP TECNOLOGIA & INSTITUICAO DE PAGAMENTO S.A.",
                "nome_fantasia": "Zoop Brasil",
                "socios": "[{\"nome_socio\": \"Fabiano Teixeira da Cruz\", \"tipo\": \"NATURAL\", \"faixa_etaria\": \"41-50\", \"tax_id\": \"***951767**\"}, {\"nome_socio\": \"Ricardo Oishi Sonoda\", \"tipo\": \"NATURAL\", \"faixa_etaria\": \"51-60\", \"tax_id\": \"***761648**\"}, {\"nome_socio\": \"Andre Luiz Fonseca da Silva Martins\", \"tipo\": \"NATURAL\", \"faixa_etaria\": \"51-60\", \"tax_id\": \"***351418**\"}]"
            }
        ],
        "contato": {
            "cpf_cnpj": "19468242000132",
            "nome": "ZOOP TECNOLOGIA & INSTITUICAO DE PAGAMENTO S.A.",
            "razao_social": "ZOOP TECNOLOGIA & INSTITUICAO DE PAGAMENTO S.A.",
            "nome_fantasia": "Zoop Brasil",
            "socios": [
                {
                    "nome_socio": "Fabiano Teixeira da Cruz",
                    "tipo": "NATURAL",
                    "faixa_etaria": "41-50",
                    "tax_id": "***951767**"
                },
                {
                    "nome_socio": "Ricardo Oishi Sonoda",
                    "tipo": "NATURAL",
                    "faixa_etaria": "51-60",
                    "tax_id": "***761648**"
                },
                {
                    "nome_socio": "Andre Luiz Fonseca da Silva Martins",
                    "tipo": "NATURAL",
                    "faixa_etaria": "51-60",
                    "tax_id": "***351418**"
                }
            ]
        }
    },
    {
        "date": "16/09/2024",
        "document": "Pix",
        "description": "PIX RECEBIDO - OUTRA IF Recebimento Pix\nRHTZ SERVICOS MEDICOS LTDA\n52.305.548 0001-43",
        "amount": 1650.0,
        "transaction_type": "Crédito",
        "cpf_cnpj_parcial": "52305548000143",
        "possiveis_contatos": [
            {
                "cpf_cnpj": 52305548000143,
                "nome": "RHTZ SERVICOS MEDICOS LTDA",
                "razao_social": "RHTZ SERVICOS MEDICOS LTDA",
                "nome_fantasia": "Rhtz Servicos Medicos",
                "socios": "[{\"nome_socio\": \"Tarek Abdul Latif Majzoub\", \"tipo\": \"NATURAL\", \"faixa_etaria\": \"31-40\", \"tax_id\": \"***137738**\"}]"
            }
        ],
        "contato": {
            "cpf_cnpj": "52305548000143",
            "nome": "RHTZ SERVICOS MEDICOS LTDA",
            "razao_social": "RHTZ SERVICOS MEDICOS LTDA",
            "nome_fantasia": "Rhtz Servicos Medicos",
            "socios": [
                {
                    "nome_socio": "Tarek Abdul Latif Majzoub",
                    "tipo": "NATURAL",
                    "faixa_etaria": "31-40",
                    "tax_id": "***137738**"
                }
            ]
        }
    },
    {
        "date": "16/09/2024",
        "document": "Pix",
        "description": "PIX EMITIDO OUTRA IF Pagamento Pix\n03.506.307 0001-57",
        "amount": -1000.0,
        "transaction_type": "Débito",
        "cpf_cnpj_parcial": "03506307000157",
        "possiveis_contatos": [],
        "contato": {
            "cpf_cnpj": "03506307000157",
            "nome": "TICKET SOLUCOES HDFGT S/A",
            "razao_social": "TICKET SOLUCOES HDFGT S/A",
            "nome_fantasia": "Ticket Log",
            "socios": [
                {
                    "nome_socio": "Gilles Andre Coccoli",
                    "tipo": "NATURAL",
                    "faixa_etaria": "51-60",
                    "tax_id": "***843778**"
                },
                {
                    "nome_socio": "Douglas Almeida Pina",
                    "tipo": "NATURAL",
                    "faixa_etaria": "51-60",
                    "tax_id": "***074816**"
                },
                {
                    "nome_socio": "Haroldo Pimentel Stumpf",
                    "tipo": "NATURAL",
                    "faixa_etaria": "41-50",
                    "tax_id": "***781420**"
                },
                {
                    "nome_socio": "Philippe Pierre Marie Blecon",
                    "tipo": "NATURAL",
                    "faixa_etaria": "51-60",
                    "tax_id": "***034898**"
                },
                {
                    "nome_socio": "Ricardo Ernesto Correa da Silva",
                    "tipo": "NATURAL",
                    "faixa_etaria": "51-60",
                    "tax_id": "***307800**"
                },
                {
                    "nome_socio": "Diane Emmanuelle Anne Coliche",
                    "tipo": "NATURAL",
                    "faixa_etaria": "41-50",
                    "tax_id": "***876938**"
                },
                {
                    "nome_socio": "Mathieu Dehaine",
                    "tipo": "NATURAL",
                    "faixa_etaria": "31-40",
                    "tax_id": "***588878**"
                }
            ]
        }
    },
    {
        "date": "16/09/2024",
        "document": "Pix",
        "description": "PIX RECEBIDO - OUTRA IF Recebimento Pix\nALESSANDRA AMARAL B HENGLER\n***.870.068-**\nMarcus lavieen",
        "amount": 1000.0,
        "transaction_type": "Crédito",
        "cpf_cnpj_parcial": "870068",
        "possiveis_contatos": [],
        "contato": {}
    },
    {
        "date": "16/09/2024",
        "document": "Pix",
        "description": "PIX EMITIDO OUTRA IF Pagamento Pix\n19.468.242 0001-32",
        "amount": -80.0,
        "transaction_type": "Débito",
        "cpf_cnpj_parcial": "19468242000132",
        "possiveis_contatos": [
            {
                "cpf_cnpj": 19468242000132,
                "nome": "ZOOP TECNOLOGIA & INSTITUICAO DE PAGAMENTO S.A.",
                "razao_social": "ZOOP TECNOLOGIA & INSTITUICAO DE PAGAMENTO S.A.",
                "nome_fantasia": "Zoop Brasil",
                "socios": "[{\"nome_socio\": \"Fabiano Teixeira da Cruz\", \"tipo\": \"NATURAL\", \"faixa_etaria\": \"41-50\", \"tax_id\": \"***951767**\"}, {\"nome_socio\": \"Ricardo Oishi Sonoda\", \"tipo\": \"NATURAL\", \"faixa_etaria\": \"51-60\", \"tax_id\": \"***761648**\"}, {\"nome_socio\": \"Andre Luiz Fonseca da Silva Martins\", \"tipo\": \"NATURAL\", \"faixa_etaria\": \"51-60\", \"tax_id\": \"***351418**\"}]"
            }
        ],
        "contato": {
            "cpf_cnpj": "19468242000132",
            "nome": "ZOOP TECNOLOGIA & INSTITUICAO DE PAGAMENTO S.A.",
            "razao_social": "ZOOP TECNOLOGIA & INSTITUICAO DE PAGAMENTO S.A.",
            "nome_fantasia": "Zoop Brasil",
            "socios": [
                {
                    "nome_socio": "Fabiano Teixeira da Cruz",
                    "tipo": "NATURAL",
                    "faixa_etaria": "41-50",
                    "tax_id": "***951767**"
                },
                {
                    "nome_socio": "Ricardo Oishi Sonoda",
                    "tipo": "NATURAL",
                    "faixa_etaria": "51-60",
                    "tax_id": "***761648**"
                },
                {
                    "nome_socio": "Andre Luiz Fonseca da Silva Martins",
                    "tipo": "NATURAL",
                    "faixa_etaria": "51-60",
                    "tax_id": "***351418**"
                }
            ]
        }
    },
    {
        "date": "16/09/2024",
        "document": "Pix",
        "description": "PIX RECEBIDO - OUTRA IF Recebimento Pix\nTHALITA SILVA ARAUJO\n33.497.436 0001-97",
        "amount": 459.0,
        "transaction_type": "Crédito",
        "cpf_cnpj_parcial": "33497436000197",
        "possiveis_contatos": [
            {
                "cpf_cnpj": 33497436000197,
                "nome": "Unknown",
                "razao_social": "",
                "nome_fantasia": "",
                "socios": ""
            }
        ],
        "contato": {
            "cpf_cnpj": "33497436000197",
            "nome": "Unknown",
            "razao_social": "",
            "nome_fantasia": "",
            "socios": ""
        }
    },
    {
        "date": "16/09/2024",
        "document": "DB.AUT.CRT",
        "description": "DEBITO AUTOMATICO FATURA CARTÃO VISA Debito Automatico Cartao",
        "amount": -3892.0,
        "transaction_type": "Débito",
        "cpf_cnpj_parcial": "",
        "possiveis_contatos": [],
        "contato": {}
    },
    {
        "date": "13/09/2024",
        "document": "Pix",
        "description": "PIX EMITIDO OUTRA IF Pagamento Pix\n***.026.268-**",
        "amount": -238.0,
        "transaction_type": "Débito",
        "cpf_cnpj_parcial": "026268",
        "possiveis_contatos": [],
        "contato": {
            "cpf_cnpj": "40102626804",
            "nome": "Alex Eduardo Antunes PJ",
            "razao_social": "Alex Eduardo Antunes PJ",
            "nome_fantasia": "",
            "socios": ""
        }
    },
    {
        "date": "13/09/2024",
        "document": "5042",
        "description": "CRED.TRANSF.CONTAS INTERCREDIS REM.: MARIANA LUCHIN DERMATOLOGIA E ESTE\nTransferência Pix\nMARIANA LUCHIN DERMATOLOGIA E ESTETICA L\n40.710.160 0001-49\nLavieen",
        "amount": 2250.0,
        "transaction_type": "Crédito",
        "cpf_cnpj_parcial": "40710160000149",
        "possiveis_contatos": [
            {
                "cpf_cnpj": 40710160000149,
                "nome": "MARIANA LUCHIN DERMATOLOGIA E ESTETICA LTDA",
                "razao_social": "MARIANA LUCHIN DERMATOLOGIA E ESTETICA LTDA",
                "nome_fantasia": "Mariana Luchin Dermatologia",
                "socios": "[{\"nome_socio\": \"Mariana Luchin Diniz Silva\", \"tipo\": \"NATURAL\", \"faixa_etaria\": \"31-40\", \"tax_id\": \"***769198**\"}]"
            }
        ],
        "contato": {
            "cpf_cnpj": "40710160000149",
            "nome": "MARIANA LUCHIN DERMATOLOGIA E ESTETICA LTDA",
            "razao_social": "MARIANA LUCHIN DERMATOLOGIA E ESTETICA LTDA",
            "nome_fantasia": "Mariana Luchin Dermatologia",
            "socios": [
                {
                    "nome_socio": "Mariana Luchin Diniz Silva",
                    "tipo": "NATURAL",
                    "faixa_etaria": "31-40",
                    "tax_id": "***769198**"
                }
            ]
        }
    },
    {
        "date": "13/09/2024",
        "document": "Pix",
        "description": "PIX RECEBIDO - OUTRA IF Recebimento Pix\nJulia Mores Murbach\n***.738.968-**",
        "amount": 1880.0,
        "transaction_type": "Crédito",
        "cpf_cnpj_parcial": "738968",
        "possiveis_contatos": [],
        "contato": {}
    },
    {
        "date": "13/09/2024",
        "document": "DB.AUT.CRT",
        "description": "DEBITO AUTOMATICO FATURA CARTÃO VISA Debito Automatico Cartao",
        "amount": -5.85,
        "transaction_type": "Débito",
        "cpf_cnpj_parcial": "",
        "possiveis_contatos": [],
        "contato": {}
    },
    {
        "date": "12/09/2024",
        "document": "68753191",
        "description": "TRANSF.REALIZADA PIX SICOOB-MESMA TIT. FAV.: MMG LOCACAO DE MAQUINAS LTDA\nTransferência Pix\nMMG LOCACAO DE MAQUINAS LTDA\n44.388.803 0001-30",
        "amount": -2660.0,
        "transaction_type": "Débito",
        "cpf_cnpj_parcial": "44388803000130",
        "possiveis_contatos": [
            {
                "cpf_cnpj": 44388803000130,
                "nome": "MMG LOCACAO DE MAQUINAS LTDA",
                "razao_social": "MMG LOCACAO DE MAQUINAS LTDA",
                "nome_fantasia": "",
                "socios": "[{\"nome_socio\": \"Guilherme Borelli\", \"tipo\": \"NATURAL\", \"faixa_etaria\": \"31-40\", \"tax_id\": \"***985678**\"}, {\"nome_socio\": \"Marcus Vinicius Machado Goncalves\", \"tipo\": \"NATURAL\", \"faixa_etaria\": \"31-40\", \"tax_id\": \"***877988**\"}]"
            }
        ],
        "contato": {
            "cpf_cnpj": "44388803000130",
            "nome": "MMG LOCACAO DE MAQUINAS LTDA",
            "razao_social": "MMG LOCACAO DE MAQUINAS LTDA",
            "nome_fantasia": "",
            "socios": [
                {
                    "nome_socio": "Guilherme Borelli",
                    "tipo": "NATURAL",
                    "faixa_etaria": "31-40",
                    "tax_id": "***985678**"
                },
                {
                    "nome_socio": "Marcus Vinicius Machado Goncalves",
                    "tipo": "NATURAL",
                    "faixa_etaria": "31-40",
                    "tax_id": "***877988**"
                }
            ]
        }
    },
    {
        "date": "11/09/2024",
        "document": "DBAUTO VIS",
        "description": "ESTORNO DÉB.CONV.DEMAIS EMPRESAS",
        "amount": 17217.26,
        "transaction_type": "Crédito",
        "cpf_cnpj_parcial": "",
        "possiveis_contatos": [],
        "contato": {}
    },
    {
        "date": "11/09/2024",
        "document": "Pix",
        "description": "PIX RECEBIDO - OUTRA IF Recebimento Pix\nSANDRA TAKAKI FRANCA\n***.280.478-**",
        "amount": 1520.0,
        "transaction_type": "Crédito",
        "cpf_cnpj_parcial": "280478",
        "possiveis_contatos": [],
        "contato": {}
    },
    {
        "date": "11/09/2024",
        "document": "DBAUTO VIS",
        "description": "DÉB.CONV.DEMAIS EMPRESAS",
        "amount": -17217.26,
        "transaction_type": "Débito",
        "cpf_cnpj_parcial": "",
        "possiveis_contatos": [],
        "contato": {}
    },
    {
        "date": "10/09/2024",
        "document": "Pix",
        "description": "PIX EMITIDO OUTRA IF Pagamento Pix\n05.848.810 0001-16",
        "amount": -593.97,
        "transaction_type": "Débito",
        "cpf_cnpj_parcial": "05848810000116",
        "possiveis_contatos": [],
        "contato": {
            "cpf_cnpj": "05848810000116",
            "nome": "SESCAMP COMERCIO DE ALIMENTOS LTDA",
            "razao_social": "SESCAMP COMERCIO DE ALIMENTOS LTDA",
            "nome_fantasia": "",
            "socios": [
                {
                    "nome_socio": "Sidnei do Espirito Santo",
                    "tipo": "NATURAL",
                    "faixa_etaria": "61-70",
                    "tax_id": "***212228**"
                },
                {
                    "nome_socio": "Gabriela Rodrigues do Espirito Santo Donati",
                    "tipo": "NATURAL",
                    "faixa_etaria": "31-40",
                    "tax_id": "***467738**"
                }
            ]
        }
    },
    {
        "date": "10/09/2024",
        "document": "68687927",
        "description": "DÉB.TIT.COMPE EFETIVADO",
        "amount": -82.5,
        "transaction_type": "Débito",
        "cpf_cnpj_parcial": "",
        "possiveis_contatos": [],
        "contato": {}
    },
    {
        "date": "10/09/2024",
        "document": "68687844",
        "description": "DÉB.TIT.COMPE EFETIVADO",
        "amount": -89.1,
        "transaction_type": "Débito",
        "cpf_cnpj_parcial": "",
        "possiveis_contatos": [],
        "contato": {}
    },
    {
        "date": "10/09/2024",
        "document": "Pix",
        "description": "PIX RECEBIDO - OUTRA IF Recebimento Pix\nClinica dra Marcela Hastenreiter\n18.151.164 0001-85",
        "amount": 2171.9,
        "transaction_type": "Crédito",
        "cpf_cnpj_parcial": "18151164000185",
        "possiveis_contatos": [
            {
                "cpf_cnpj": 18151164000185,
                "nome": "MARCELA HASTENREITER PORTES DUAR MOL",
                "razao_social": "MARCELA HASTENREITER PORTES DUAR MOL",
                "nome_fantasia": "Mh Uniq Esthetic",
                "socios": ""
            }
        ],
        "contato": {
            "cpf_cnpj": "18151164000185",
            "nome": "MARCELA HASTENREITER PORTES DUAR MOL",
            "razao_social": "MARCELA HASTENREITER PORTES DUAR MOL",
            "nome_fantasia": "Mh Uniq Esthetic",
            "socios": ""
        }
    },
    {
        "date": "10/09/2024",
        "document": "TOKIO SEGU",
        "description": "DÉB. CONV. SEGUROS",
        "amount": -573.96,
        "transaction_type": "Débito",
        "cpf_cnpj_parcial": "",
        "possiveis_contatos": [],
        "contato": {}
    },
    {
        "date": "09/09/2024",
        "document": "Pix",
        "description": "PIX EMITIDO OUTRA IF Pagamento Pix\n***.276.298-**",
        "amount": -3000.0,
        "transaction_type": "Débito",
        "cpf_cnpj_parcial": "276298",
        "possiveis_contatos": [],
        "contato": {
            "cpf_cnpj": "41927629861",
            "nome": "Bruna Zavati Zavitoski",
            "razao_social": "Bruna Zavati Zavitoski",
            "nome_fantasia": "",
            "socios": ""
        }
    },
    {
        "date": "09/09/2024",
        "document": "Pix",
        "description": "PIX EMITIDO OUTRA IF Pagamento Pix\n03.506.307 0001-57",
        "amount": -1000.0,
        "transaction_type": "Débito",
        "cpf_cnpj_parcial": "03506307000157",
        "possiveis_contatos": [],
        "contato": {
            "cpf_cnpj": "03506307000157",
            "nome": "TICKET SOLUCOES HDFGT S/A",
            "razao_social": "TICKET SOLUCOES HDFGT S/A",
            "nome_fantasia": "Ticket Log",
            "socios": [
                {
                    "nome_socio": "Gilles Andre Coccoli",
                    "tipo": "NATURAL",
                    "faixa_etaria": "51-60",
                    "tax_id": "***843778**"
                },
                {
                    "nome_socio": "Douglas Almeida Pina",
                    "tipo": "NATURAL",
                    "faixa_etaria": "51-60",
                    "tax_id": "***074816**"
                },
                {
                    "nome_socio": "Haroldo Pimentel Stumpf",
                    "tipo": "NATURAL",
                    "faixa_etaria": "41-50",
                    "tax_id": "***781420**"
                },
                {
                    "nome_socio": "Philippe Pierre Marie Blecon",
                    "tipo": "NATURAL",
                    "faixa_etaria": "51-60",
                    "tax_id": "***034898**"
                },
                {
                    "nome_socio": "Ricardo Ernesto Correa da Silva",
                    "tipo": "NATURAL",
                    "faixa_etaria": "51-60",
                    "tax_id": "***307800**"
                },
                {
                    "nome_socio": "Diane Emmanuelle Anne Coliche",
                    "tipo": "NATURAL",
                    "faixa_etaria": "41-50",
                    "tax_id": "***876938**"
                },
                {
                    "nome_socio": "Mathieu Dehaine",
                    "tipo": "NATURAL",
                    "faixa_etaria": "31-40",
                    "tax_id": "***588878**"
                }
            ]
        }
    },
    {
        "date": "09/09/2024",
        "document": "Pix",
        "description": "PIX EMITIDO OUTRA IF Pagamento Pix\n***.395.008-**",
        "amount": -250.0,
        "transaction_type": "Débito",
        "cpf_cnpj_parcial": "395008",
        "possiveis_contatos": [],
        "contato": {}
    },
    {
        "date": "09/09/2024",
        "document": "68606368",
        "description": "DÉB.TIT.COMPE EFETIVADO",
        "amount": -39.9,
        "transaction_type": "Débito",
        "cpf_cnpj_parcial": "",
        "possiveis_contatos": [],
        "contato": {}
    },
    {
        "date": "09/09/2024",
        "document": "Pix",
        "description": "PIX RECEBIDO - OUTRA IF Recebimento Pix\nSTEPHANIE LOLO BIOMEDICA ESTETA\n18.429.680 0001-29",
        "amount": 452.88,
        "transaction_type": "Crédito",
        "cpf_cnpj_parcial": "18429680000129",
        "possiveis_contatos": [
            {
                "cpf_cnpj": 18429680000129,
                "nome": "STEPHANIE LOLO BIOMEDICA ESTETA LTDA",
                "razao_social": "STEPHANIE LOLO BIOMEDICA ESTETA LTDA",
                "nome_fantasia": "Stephanie Lolo Biomedica Esteta",
                "socios": "[{\"nome_socio\": \"Stephanie Almeida de Lolo\", \"tipo\": \"NATURAL\", \"faixa_etaria\": \"31-40\", \"tax_id\": \"***296018**\"}]"
            }
        ],
        "contato": {
            "cpf_cnpj": "18429680000129",
            "nome": "STEPHANIE LOLO BIOMEDICA ESTETA LTDA",
            "razao_social": "STEPHANIE LOLO BIOMEDICA ESTETA LTDA",
            "nome_fantasia": "Stephanie Lolo Biomedica Esteta",
            "socios": [
                {
                    "nome_socio": "Stephanie Almeida de Lolo",
                    "tipo": "NATURAL",
                    "faixa_etaria": "31-40",
                    "tax_id": "***296018**"
                }
            ]
        }
    },
    {
        "date": "09/09/2024",
        "document": "Pix",
        "description": "PIX RECEBIDO - OUTRA IF Recebimento Pix\nGEORGIA LINHARES CAVALCANTE\n***.374.963-**\nUltraformer",
        "amount": 2367.5,
        "transaction_type": "Crédito",
        "cpf_cnpj_parcial": "374963",
        "possiveis_contatos": [],
        "contato": {}
    },
    {
        "date": "06/09/2024",
        "document": "312322992",
        "description": "CRÉD.TED-STR ELENCO COSMETICOS E ESTETICA LTDA ME\n62.094.636 0001-05\nCODIGO TED: T934518342",
        "amount": 1394.0,
        "transaction_type": "Crédito",
        "cpf_cnpj_parcial": "62094636000105",
        "possiveis_contatos": [
            {
                "cpf_cnpj": 62094636000105,
                "nome": "Unknown",
                "razao_social": "",
                "nome_fantasia": "",
                "socios": ""
            }
        ],
        "contato": {
            "cpf_cnpj": "62094636000105",
            "nome": "Unknown",
            "razao_social": "",
            "nome_fantasia": "",
            "socios": ""
        }
    },
    {
        "date": "05/09/2024",
        "document": "Pix",
        "description": "PIX EMITIDO OUTRA IF Pagamento Pix\n***.276.298-**",
        "amount": -500.0,
        "transaction_type": "Débito",
        "cpf_cnpj_parcial": "276298",
        "possiveis_contatos": [],
        "contato": {
            "cpf_cnpj": "41927629861",
            "nome": "Bruna Zavati Zavitoski",
            "razao_social": "Bruna Zavati Zavitoski",
            "nome_fantasia": "",
            "socios": ""
        }
    },
    {
        "date": "05/09/2024",
        "document": "Pix",
        "description": "PIX EMITIDO OUTRA IF Pagamento Pix\n***.985.678-**",
        "amount": -2200.0,
        "transaction_type": "Débito",
        "cpf_cnpj_parcial": "985678",
        "possiveis_contatos": [],
        "contato": {
            "cpf_cnpj": "40498567869",
            "nome": "Guilherme Borelli",
            "razao_social": "Guilherme Borelli",
            "nome_fantasia": "",
            "socios": ""
        }
    },
    {
        "date": "05/09/2024",
        "document": "68514042",
        "description": "DÉB.TÍTULO COBRANÇA",
        "amount": -3803.67,
        "transaction_type": "Débito",
        "cpf_cnpj_parcial": "",
        "possiveis_contatos": [],
        "contato": {}
    },
    {
        "date": "05/09/2024",
        "document": "Pix",
        "description": "PIX RECEBIDO - OUTRA IF - MESMA TIT. Recebimento Pix\nMMG LOCACAO DE\n44.388.803 0001-30\nPINBANK",
        "amount": 500.0,
        "transaction_type": "Crédito",
        "cpf_cnpj_parcial": "44388803000130",
        "possiveis_contatos": [
            {
                "cpf_cnpj": 44388803000130,
                "nome": "MMG LOCACAO DE MAQUINAS LTDA",
                "razao_social": "MMG LOCACAO DE MAQUINAS LTDA",
                "nome_fantasia": "",
                "socios": "[{\"nome_socio\": \"Guilherme Borelli\", \"tipo\": \"NATURAL\", \"faixa_etaria\": \"31-40\", \"tax_id\": \"***985678**\"}, {\"nome_socio\": \"Marcus Vinicius Machado Goncalves\", \"tipo\": \"NATURAL\", \"faixa_etaria\": \"31-40\", \"tax_id\": \"***877988**\"}]"
            }
        ],
        "contato": {
            "cpf_cnpj": "44388803000130",
            "nome": "MMG LOCACAO DE MAQUINAS LTDA",
            "razao_social": "MMG LOCACAO DE MAQUINAS LTDA",
            "nome_fantasia": "",
            "socios": [
                {
                    "nome_socio": "Guilherme Borelli",
                    "tipo": "NATURAL",
                    "faixa_etaria": "31-40",
                    "tax_id": "***985678**"
                },
                {
                    "nome_socio": "Marcus Vinicius Machado Goncalves",
                    "tipo": "NATURAL",
                    "faixa_etaria": "31-40",
                    "tax_id": "***877988**"
                }
            ]
        }
    },
    {
        "date": "05/09/2024",
        "document": "Pix",
        "description": "PIX RECEBIDO - OUTRA IF Recebimento Pix\nCarla Rocha Farias Estetica Avancada\n44.556.201 0001-45",
        "amount": 2085.0,
        "transaction_type": "Crédito",
        "cpf_cnpj_parcial": "44556201000145",
        "possiveis_contatos": [
            {
                "cpf_cnpj": 44556201000145,
                "nome": "Carla Rocha Farias Estética Avancada",
                "razao_social": "CARLA ROCHA FARIAS ESTETICA AVANCADA LTDA",
                "nome_fantasia": "Carla Rocha Farias Estetica Avancada",
                "socios": "[{\"nome_socio\": \"Rodrigo Alves de Souza\", \"tipo\": \"NATURAL\", \"faixa_etaria\": \"31-40\", \"tax_id\": \"***345458**\"}]"
            }
        ],
        "contato": {
            "cpf_cnpj": "44556201000145",
            "nome": "Carla Rocha Farias Estética Avancada",
            "razao_social": "CARLA ROCHA FARIAS ESTETICA AVANCADA LTDA",
            "nome_fantasia": "Carla Rocha Farias Estetica Avancada",
            "socios": [
                {
                    "nome_socio": "Rodrigo Alves de Souza",
                    "tipo": "NATURAL",
                    "faixa_etaria": "31-40",
                    "tax_id": "***345458**"
                }
            ]
        }
    },
    {
        "date": "05/09/2024",
        "document": "Pix",
        "description": "PIX EMITIDO OUTRA IF Pagamento Pix\n***.395.008-**\nDesconto de adiantamento de 50 reais",
        "amount": -1200.0,
        "transaction_type": "Débito",
        "cpf_cnpj_parcial": "395008",
        "possiveis_contatos": [],
        "contato": {}
    },
    {
        "date": "05/09/2024",
        "document": "Pix",
        "description": "PIX EMITIDO OUTRA IF Pagamento Pix\n***.776.998-**",
        "amount": -2000.0,
        "transaction_type": "Débito",
        "cpf_cnpj_parcial": "776998",
        "possiveis_contatos": [],
        "contato": {
            "cpf_cnpj": "43677699843",
            "nome": "André Luis Ribeiro PJ",
            "razao_social": "André Luis Ribeiro PJ",
            "nome_fantasia": "",
            "socios": ""
        }
    },
    {
        "date": "05/09/2024",
        "document": "Pix",
        "description": "PIX EMITIDO OUTRA IF Pagamento Pix\n***.136.228-**",
        "amount": -1250.0,
        "transaction_type": "Débito",
        "cpf_cnpj_parcial": "136228",
        "possiveis_contatos": [],
        "contato": {
            "cpf_cnpj": "51313622885",
            "nome": "Gabriel Batista Santos PJ",
            "razao_social": "Gabriel Batista Santos PJ",
            "nome_fantasia": "",
            "socios": ""
        }
    },
    {
        "date": "05/09/2024",
        "document": "Pix",
        "description": "PIX EMITIDO OUTRA IF Pagamento Pix\n***.610.768-**",
        "amount": -10883.93,
        "transaction_type": "Débito",
        "cpf_cnpj_parcial": "610768",
        "possiveis_contatos": [],
        "contato": {}
    },
    {
        "date": "04/09/2024",
        "document": "Pix",
        "description": "PIX RECEBIDO - OUTRA IF - MESMA TIT. Recebimento Pix\nMMG LOCACAO MAQUINAS LTDA\n44.388.803 0001-30",
        "amount": 13001.0,
        "transaction_type": "Crédito",
        "cpf_cnpj_parcial": "44388803000130",
        "possiveis_contatos": [
            {
                "cpf_cnpj": 44388803000130,
                "nome": "MMG LOCACAO DE MAQUINAS LTDA",
                "razao_social": "MMG LOCACAO DE MAQUINAS LTDA",
                "nome_fantasia": "",
                "socios": "[{\"nome_socio\": \"Guilherme Borelli\", \"tipo\": \"NATURAL\", \"faixa_etaria\": \"31-40\", \"tax_id\": \"***985678**\"}, {\"nome_socio\": \"Marcus Vinicius Machado Goncalves\", \"tipo\": \"NATURAL\", \"faixa_etaria\": \"31-40\", \"tax_id\": \"***877988**\"}]"
            }
        ],
        "contato": {
            "cpf_cnpj": "44388803000130",
            "nome": "MMG LOCACAO DE MAQUINAS LTDA",
            "razao_social": "MMG LOCACAO DE MAQUINAS LTDA",
            "nome_fantasia": "",
            "socios": [
                {
                    "nome_socio": "Guilherme Borelli",
                    "tipo": "NATURAL",
                    "faixa_etaria": "31-40",
                    "tax_id": "***985678**"
                },
                {
                    "nome_socio": "Marcus Vinicius Machado Goncalves",
                    "tipo": "NATURAL",
                    "faixa_etaria": "31-40",
                    "tax_id": "***877988**"
                }
            ]
        }
    },
    {
        "date": "03/09/2024",
        "document": "311940035",
        "description": "CRÉD.TED-STR ELENCO COSMETICOS E ESTETICA LTDA ME\n62.094.636 0001-05\nCODIGO TED: T933309415",
        "amount": 3281.0,
        "transaction_type": "Crédito",
        "cpf_cnpj_parcial": "62094636000105",
        "possiveis_contatos": [
            {
                "cpf_cnpj": 62094636000105,
                "nome": "Unknown",
                "razao_social": "",
                "nome_fantasia": "",
                "socios": ""
            }
        ],
        "contato": {
            "cpf_cnpj": "62094636000105",
            "nome": "Unknown",
            "razao_social": "",
            "nome_fantasia": "",
            "socios": ""
        }
    },
    {
        "date": "02/09/2024",
        "document": "Pix",
        "description": "PIX RECEBIDO - OUTRA IF Recebimento Pix\nCLINICA DE ESTETICA INDAIATUBA LTBA ME\n42.847.005 0001-02",
        "amount": 3200.0,
        "transaction_type": "Crédito",
        "cpf_cnpj_parcial": "42847005000102",
        "possiveis_contatos": [
            {
                "cpf_cnpj": 42847005000102,
                "nome": "CLINICA DE ESTETICA INDAIATUBA LTBA",
                "razao_social": "CLINICA DE ESTETICA INDAIATUBA LTBA",
                "nome_fantasia": "",
                "socios": "[{\"nome_socio\": \"Marcos Antonio Generoso\", \"tipo\": \"NATURAL\", \"faixa_etaria\": \"41-50\", \"tax_id\": \"***190768**\"}]"
            }
        ],
        "contato": {
            "cpf_cnpj": "42847005000102",
            "nome": "CLINICA DE ESTETICA INDAIATUBA LTBA",
            "razao_social": "CLINICA DE ESTETICA INDAIATUBA LTBA",
            "nome_fantasia": "",
            "socios": [
                {
                    "nome_socio": "Marcos Antonio Generoso",
                    "tipo": "NATURAL",
                    "faixa_etaria": "41-50",
                    "tax_id": "***190768**"
                }
            ]
        }
    },
    {
        "date": "02/09/2024",
        "document": "68400421",
        "description": "DÉB.TIT.COMPE EFETIVADO Parcela 2 pixie",
        "amount": -7812.02,
        "transaction_type": "Débito",
        "cpf_cnpj_parcial": "",
        "possiveis_contatos": [],
        "contato": {}
    },
    {
        "date": "02/09/2024",
        "document": "Pix",
        "description": "PIX RECEBIDO - OUTRA IF - MESMA TIT. Recebimento Pix\nMMG LOCACAO DE\n44.388.803 0001-30\nPINBANK",
        "amount": 1200.0,
        "transaction_type": "Crédito",
        "cpf_cnpj_parcial": "44388803000130",
        "possiveis_contatos": [
            {
                "cpf_cnpj": 44388803000130,
                "nome": "MMG LOCACAO DE MAQUINAS LTDA",
                "razao_social": "MMG LOCACAO DE MAQUINAS LTDA",
                "nome_fantasia": "",
                "socios": "[{\"nome_socio\": \"Guilherme Borelli\", \"tipo\": \"NATURAL\", \"faixa_etaria\": \"31-40\", \"tax_id\": \"***985678**\"}, {\"nome_socio\": \"Marcus Vinicius Machado Goncalves\", \"tipo\": \"NATURAL\", \"faixa_etaria\": \"31-40\", \"tax_id\": \"***877988**\"}]"
            }
        ],
        "contato": {
            "cpf_cnpj": "44388803000130",
            "nome": "MMG LOCACAO DE MAQUINAS LTDA",
            "razao_social": "MMG LOCACAO DE MAQUINAS LTDA",
            "nome_fantasia": "",
            "socios": [
                {
                    "nome_socio": "Guilherme Borelli",
                    "tipo": "NATURAL",
                    "faixa_etaria": "31-40",
                    "tax_id": "***985678**"
                },
                {
                    "nome_socio": "Marcus Vinicius Machado Goncalves",
                    "tipo": "NATURAL",
                    "faixa_etaria": "31-40",
                    "tax_id": "***877988**"
                }
            ]
        }
    },
    {
        "date": "02/09/2024",
        "document": "4423",
        "description": "CRED.TRANSF.CONTAS INTERCREDIS REM.: CLINICA DE ESTETICA JUNDIAI LTDA\nTransferência Pix\nCLINICA DE ESTETICA JUNDIAI LTDA\n40.901.286 0001-09\nLocacao Lavieen",
        "amount": 1650.0,
        "transaction_type": "Crédito",
        "cpf_cnpj_parcial": "40901286000109",
        "possiveis_contatos": [
            {
                "cpf_cnpj": 40901286000109,
                "nome": "CLINICA DE ESTETICA JUNDIAI LTDA",
                "razao_social": "CLINICA DE ESTETICA JUNDIAI LTDA",
                "nome_fantasia": "",
                "socios": "[{\"nome_socio\": \"Thiago Luis Venturi\", \"tipo\": \"NATURAL\", \"faixa_etaria\": \"31-40\", \"tax_id\": \"***141728**\"}]"
            }
        ],
        "contato": {
            "cpf_cnpj": "40901286000109",
            "nome": "CLINICA DE ESTETICA JUNDIAI LTDA",
            "razao_social": "CLINICA DE ESTETICA JUNDIAI LTDA",
            "nome_fantasia": "",
            "socios": [
                {
                    "nome_socio": "Thiago Luis Venturi",
                    "tipo": "NATURAL",
                    "faixa_etaria": "31-40",
                    "tax_id": "***141728**"
                }
            ]
        }
    },
    {
        "date": "02/09/2024",
        "document": "Pix",
        "description": "PIX RECEBIDO - OUTRA IF Recebimento Pix\nANA S C E LTDA\n31.463.285 0001-20",
        "amount": 1750.0,
        "transaction_type": "Crédito",
        "cpf_cnpj_parcial": "31463285000120",
        "possiveis_contatos": [
            {
                "cpf_cnpj": 31463285000120,
                "nome": "ANA SANCHES COSMETICOS E ESTETICA LTDA",
                "razao_social": "ANA SANCHES COSMETICOS E ESTETICA LTDA",
                "nome_fantasia": "",
                "socios": "[{\"nome_socio\": \"Samantha Regina Galo Sanches\", \"tipo\": \"NATURAL\", \"faixa_etaria\": \"41-50\", \"tax_id\": \"***860808**\"}, {\"nome_socio\": \"Newton Sanches Junior\", \"tipo\": \"NATURAL\", \"faixa_etaria\": \"51-60\", \"tax_id\": \"***368348**\"}]"
            }
        ],
        "contato": {
            "cpf_cnpj": "31463285000120",
            "nome": "ANA SANCHES COSMETICOS E ESTETICA LTDA",
            "razao_social": "ANA SANCHES COSMETICOS E ESTETICA LTDA",
            "nome_fantasia": "",
            "socios": [
                {
                    "nome_socio": "Samantha Regina Galo Sanches",
                    "tipo": "NATURAL",
                    "faixa_etaria": "41-50",
                    "tax_id": "***860808**"
                },
                {
                    "nome_socio": "Newton Sanches Junior",
                    "tipo": "NATURAL",
                    "faixa_etaria": "51-60",
                    "tax_id": "***368348**"
                }
            ]
        }
    },
    {
        "date": "02/09/2024",
        "document": "Pix",
        "description": "PIX RECEBIDO - OUTRA IF Recebimento Pix\nAMANDA APARECIDA VIANA F. C. 40118826824\n34.758.019 0001-13",
        "amount": 1620.0,
        "transaction_type": "Crédito",
        "cpf_cnpj_parcial": "826824",
        "possiveis_contatos": [],
        "contato": {}
    }
]