{
    "header": {
        "issue_date": "04/04/2025",
        "statement_type": "EXTRATO DE CONTA CORRENTE",
        "time": "15:30:18",
        "cooperative": "3188-7 / SICOOB CREDICITRUS",
        "account": "155.489-1 / MMG LOCACAO DE MAQUINAS LTDA"
    },
    "transactions": [
        {
            "date": "30/09/2024",
            "document": "69291039",
            "description": "TRANSF.REALIZADA PIX SICOOB-MESMA TIT. FAV.: MMG LOCACAO DE MAQUINAS LTDA\nTransferência Pix\nMMG LOCACAO DE MAQUINAS LTDA\n44.388.803 0001-30",
            "amount": -530.0
        },
        {
            "date": "30/09/2024",
            "document": "4620",
            "description": "CRED.TRANSF.CONTAS INTERCREDIS REM.: INFINITY CARE MED LOCACOES LTDA\nTransferência Pix\nINFINITY CARE MED LOCACOES LTDA\n43.327.671 0001-74",
            "amount": 500.0
        },
        {
            "date": "30/09/2024",
            "document": "69283220",
            "description": "TRANSF.REALIZADA PIX SICOOB-MESMA TIT. FAV.: MMG LOCACAO DE MAQUINAS LTDA\nTransferência Pix\nMMG LOCACAO DE MAQUINAS LTDA\n44.388.803 0001-30",
            "amount": -900.0
        },
        {
            "date": "30/09/2024",
            "document": "69274254",
            "description": "TRANSF.REALIZADA PIX SICOOB FAV.: MARCUS VINICIUS MACHADO GONCALVES\nTransferência Pix\nMMG LOCACAO DE MAQUINAS LTDA\n44.388.803 0001-30",
            "amount": -3938.64
        },
        {
            "date": "30/09/2024",
            "document": "Pix",
            "description": "PIX EMITIDO OUTRA IF Pagamento Pix\n03.506.307 0001-57",
            "amount": -1000.0
        },
        {
            "date": "30/09/2024",
            "document": "Pix",
            "description": "PIX RECEBIDO - OUTRA IF Recebimento Pix\nLUANA ARAUJO BI\n46.995.444 0001-05",
            "amount": 1900.0
        },
        {
            "date": "30/09/2024",
            "document": "Pix",
            "description": "PIX RECEBIDO - OUTRA IF Recebimento Pix\nELIANA FONSECA COSTA 14144300862\n36.543.507 0001-39\nLili  Lavieen",
            "amount": 2500.0
        },
        {
            "date": "30/09/2024",
            "document": "Pix",
            "description": "PIX RECEBIDO - OUTRA IF Recebimento Pix\nSTATERA CORPO E\n48.327.325 0001-00",
            "amount": 1467.3
        },
        {
            "date": "26/09/2024",
            "document": "69188253",
            "description": "TRANSF.REALIZADA PIX SICOOB-MESMA TIT. FAV.: MMG LOCACAO DE MAQUINAS LTDA\nTransferência Pix\nMMG LOCACAO DE MAQUINAS LTDA\n44.388.803 0001-30",
            "amount": -750.0
        },
        {
            "date": "26/09/2024",
            "document": "Pix",
            "description": "PIX RECEBIDO - OUTRA IF Recebimento Pix\nInstituto Via Estetica Ltda\n40.656.554 0001-66",
            "amount": 600.0
        },
        {
            "date": "26/09/2024",
            "document": "Pix",
            "description": "PIX EMITIDO OUTRA IF Pagamento Pix\n***.420.638-**",
            "amount": -1430.65
        },
        {
            "date": "26/09/2024",
            "document": "Pix",
            "description": "PIX EMITIDO OUTRA IF Pagamento Pix\n***.026.268-**",
            "amount": -160.0
        },
        {
            "date": "26/09/2024",
            "document": "Pix",
            "description": "PIX RECEBIDO - OUTRA IF Recebimento Pix\nANA S C E LTDA\n31.463.285 0001-20",
            "amount": 1750.0
        },
        {
            "date": "24/09/2024",
            "document": "Pix",
            "description": "PIX EMITIDO OUTRA IF Pagamento Pix\n***.420.638-**",
            "amount": -2001.85
        },
        {
            "date": "24/09/2024",
            "document": "69133292",
            "description": "TRANSF.RECEBIDA - PIX SICOOB-MESMA TIT REM.: MMG LOCACAO DE MAQUINAS LTDA\nTransferência Pix\nMMG LOCACAO DE MAQUINAS LTDA\n44.388.803 0001-30",
            "amount": 2000.0
        },
        {
            "date": "24/09/2024",
            "document": "69125137",
            "description": "TRANSF.REALIZADA PIX SICOOB-MESMA TIT. FAV.: MMG LOCACAO DE MAQUINAS LTDA\nTransferência Pix\nMMG LOCACAO DE MAQUINAS LTDA\n44.388.803 0001-30",
            "amount": -3720.0
        },
        {
            "date": "24/09/2024",
            "document": "Pix",
            "description": "PIX EMITIDO OUTRA IF Pagamento Pix\n***.506.408-**",
            "amount": -56.25
        },
        {
            "date": "24/09/2024",
            "document": "Pix",
            "description": "PIX EMITIDO OUTRA IF Pagamento Pix\n***.865.258-**",
            "amount": -2100.0
        },
        {
            "date": "24/09/2024",
            "document": "Pix",
            "description": "PIX RECEBIDO - OUTRA IF Recebimento Pix\nDENISE DE MELLO NERY\n***.703.688-**",
            "amount": 5878.1
        },
        {
            "date": "23/09/2024",
            "document": "69078364",
            "description": "TRANSF.REALIZADA PIX SICOOB-MESMA TIT. FAV.: MMG LOCACAO DE MAQUINAS LTDA\nTransferência Pix\nMMG LOCACAO DE MAQUINAS LTDA\n44.388.803 0001-30",
            "amount": -1650.0
        },
        {
            "date": "23/09/2024",
            "document": "Pix",
            "description": "PIX RECEBIDO - OUTRA IF Recebimento Pix\nESTETICA AVANCADA - CRISTIANE RIBEIRO LT\n57.277.724 0001-02",
            "amount": 1650.0
        },
        {
            "date": "20/09/2024",
            "document": "69016697",
            "description": "TRANSF.REALIZADA PIX SICOOB-MESMA TIT. FAV.: MMG LOCACAO DE MAQUINAS LTDA\nTransferência Pix\nMMG LOCACAO DE MAQUINAS LTDA\n44.388.803 0001-30",
            "amount": -1200.0
        },
        {
            "date": "20/09/2024",
            "document": "Pix",
            "description": "PIX RECEBIDO - OUTRA IF Recebimento Pix\nCINTIA ALVES DE MENEZES 35055074825\n36.695.060 0001-13",
            "amount": 1200.0
        },
        {
            "date": "18/09/2024",
            "document": "DB.AUT.CRT",
            "description": "DEBITO AUTOMATICO FATURA CARTÃO VISA Debito Automatico Cartao",
            "amount": -3250.0
        },
        {
            "date": "18/09/2024",
            "document": "4140",
            "description": "CRED.TRANSF.CONTAS INTERCREDIS REM.: GILIOLI SERVICOS ODONTOLOGICOS S S\nTransferência Pix\nGILIOLI SERVICOS ODONTOLOGICOS S S LTDA\n17.390.640 0001-58",
            "amount": 3250.0
        },
        {
            "date": "17/09/2024",
            "document": "DB.AUT.CRT",
            "description": "DEBITO AUTOMATICO FATURA CARTÃO VISA Debito Automatico Cartao",
            "amount": -1607.8
        },
        {
            "date": "16/09/2024",
            "document": "Pix",
            "description": "PIX EMITIDO OUTRA IF Pagamento Pix\n43.776.517 0001-80",
            "amount": -141.21
        },
        {
            "date": "16/09/2024",
            "document": "68887432",
            "description": "DÉB.CONV.TELECOMUNICAÇÕES",
            "amount": -39.99
        },
        {
            "date": "16/09/2024",
            "document": "Pix",
            "description": "PIX EMITIDO OUTRA IF Pagamento Pix\n19.468.242 0001-32",
            "amount": -240.0
        },
        {
            "date": "16/09/2024",
            "document": "Pix",
            "description": "PIX RECEBIDO - OUTRA IF Recebimento Pix\nRHTZ SERVICOS MEDICOS LTDA\n52.305.548 0001-43",
            "amount": 1650.0
        },
        {
            "date": "16/09/2024",
            "document": "Pix",
            "description": "PIX EMITIDO OUTRA IF Pagamento Pix\n03.506.307 0001-57",
            "amount": -1000.0
        },
        {
            "date": "16/09/2024",
            "document": "Pix",
            "description": "PIX RECEBIDO - OUTRA IF Recebimento Pix\nALESSANDRA AMARAL B HENGLER\n***.870.068-**\nMarcus lavieen",
            "amount": 1000.0
        },
        {
            "date": "16/09/2024",
            "document": "Pix",
            "description": "PIX EMITIDO OUTRA IF Pagamento Pix\n19.468.242 0001-32",
            "amount": -80.0
        },
        {
            "date": "16/09/2024",
            "document": "Pix",
            "description": "PIX RECEBIDO - OUTRA IF Recebimento Pix\nTHALITA SILVA ARAUJO\n33.497.436 0001-97",
            "amount": 459.0
        },
        {
            "date": "16/09/2024",
            "document": "DB.AUT.CRT",
            "description": "DEBITO AUTOMATICO FATURA CARTÃO VISA Debito Automatico Cartao",
            "amount": -3892.0
        },
        {
            "date": "13/09/2024",
            "document": "Pix",
            "description": "PIX EMITIDO OUTRA IF Pagamento Pix\n***.026.268-**",
            "amount": -238.0
        },
        {
            "date": "13/09/2024",
            "document": "5042",
            "description": "CRED.TRANSF.CONTAS INTERCREDIS REM.: MARIANA LUCHIN DERMATOLOGIA E ESTE\nTransferência Pix\nMARIANA LUCHIN DERMATOLOGIA E ESTETICA L\n40.710.160 0001-49\nLavieen",
            "amount": 2250.0
        },
        {
            "date": "13/09/2024",
            "document": "Pix",
            "description": "PIX RECEBIDO - OUTRA IF Recebimento Pix\nJulia Mores Murbach\n***.738.968-**",
            "amount": 1880.0
        },
        {
            "date": "13/09/2024",
            "document": "DB.AUT.CRT",
            "description": "DEBITO AUTOMATICO FATURA CARTÃO VISA Debito Automatico Cartao",
            "amount": -5.85
        },
        {
            "date": "12/09/2024",
            "document": "68753191",
            "description": "TRANSF.REALIZADA PIX SICOOB-MESMA TIT. FAV.: MMG LOCACAO DE MAQUINAS LTDA\nTransferência Pix\nMMG LOCACAO DE MAQUINAS LTDA\n44.388.803 0001-30",
            "amount": -2660.0
        },
        {
            "date": "11/09/2024",
            "document": "DBAUTO VIS",
            "description": "ESTORNO DÉB.CONV.DEMAIS EMPRESAS",
            "amount": 17217.26
        },
        {
            "date": "11/09/2024",
            "document": "Pix",
            "description": "PIX RECEBIDO - OUTRA IF Recebimento Pix\nSANDRA TAKAKI FRANCA\n***.280.478-**",
            "amount": 1520.0
        },
        {
            "date": "11/09/2024",
            "document": "DBAUTO VIS",
            "description": "DÉB.CONV.DEMAIS EMPRESAS",
            "amount": -17217.26
        },
        {
            "date": "10/09/2024",
            "document": "Pix",
            "description": "PIX EMITIDO OUTRA IF Pagamento Pix\n05.848.810 0001-16",
            "amount": -593.97
        },
        {
            "date": "10/09/2024",
            "document": "68687927",
            "description": "DÉB.TIT.COMPE EFETIVADO",
            "amount": -82.5
        },
        {
            "date": "10/09/2024",
            "document": "68687844",
            "description": "DÉB.TIT.COMPE EFETIVADO",
            "amount": -89.1
        },
        {
            "date": "10/09/2024",
            "document": "Pix",
            "description": "PIX RECEBIDO - OUTRA IF Recebimento Pix\nClinica dra Marcela Hastenreiter\n18.151.164 0001-85",
            "amount": 2171.9
        },
        {
            "date": "10/09/2024",
            "document": "TOKIO SEGU",
            "description": "DÉB. CONV. SEGUROS",
            "amount": -573.96
        },
        {
            "date": "09/09/2024",
            "document": "Pix",
            "description": "PIX EMITIDO OUTRA IF Pagamento Pix\n***.276.298-**",
            "amount": -3000.0
        },
        {
            "date": "09/09/2024",
            "document": "Pix",
            "description": "PIX EMITIDO OUTRA IF Pagamento Pix\n03.506.307 0001-57",
            "amount": -1000.0
        },
        {
            "date": "09/09/2024",
            "document": "Pix",
            "description": "PIX EMITIDO OUTRA IF Pagamento Pix\n***.395.008-**",
            "amount": -250.0
        },
        {
            "date": "09/09/2024",
            "document": "68606368",
            "description": "DÉB.TIT.COMPE EFETIVADO",
            "amount": -39.9
        },
        {
            "date": "09/09/2024",
            "document": "Pix",
            "description": "PIX RECEBIDO - OUTRA IF Recebimento Pix\nSTEPHANIE LOLO BIOMEDICA ESTETA\n18.429.680 0001-29",
            "amount": 452.88
        },
        {
            "date": "09/09/2024",
            "document": "Pix",
            "description": "PIX RECEBIDO - OUTRA IF Recebimento Pix\nGEORGIA LINHARES CAVALCANTE\n***.374.963-**\nUltraformer",
            "amount": 2367.5
        },
        {
            "date": "06/09/2024",
            "document": "312322992",
            "description": "CRÉD.TED-STR ELENCO COSMETICOS E ESTETICA LTDA ME\n62.094.636 0001-05\nCODIGO TED: T934518342",
            "amount": 1394.0
        },
        {
            "date": "05/09/2024",
            "document": "Pix",
            "description": "PIX EMITIDO OUTRA IF Pagamento Pix\n***.276.298-**",
            "amount": -500.0
        },
        {
            "date": "05/09/2024",
            "document": "Pix",
            "description": "PIX EMITIDO OUTRA IF Pagamento Pix\n***.985.678-**",
            "amount": -2200.0
        },
        {
            "date": "05/09/2024",
            "document": "68514042",
            "description": "DÉB.TÍTULO COBRANÇA",
            "amount": -3803.67
        },
        {
            "date": "05/09/2024",
            "document": "Pix",
            "description": "PIX RECEBIDO - OUTRA IF - MESMA TIT. Recebimento Pix\nMMG LOCACAO DE\n44.388.803 0001-30\nPINBANK",
            "amount": 500.0
        },
        {
            "date": "05/09/2024",
            "document": "Pix",
            "description": "PIX RECEBIDO - OUTRA IF Recebimento Pix\nCarla Rocha Farias Estetica Avancada\n44.556.201 0001-45",
            "amount": 2085.0
        },
        {
            "date": "05/09/2024",
            "document": "Pix",
            "description": "PIX EMITIDO OUTRA IF Pagamento Pix\n***.395.008-**\nDesconto de adiantamento de 50 reais",
            "amount": -1200.0
        },
        {
            "date": "05/09/2024",
            "document": "Pix",
            "description": "PIX EMITIDO OUTRA IF Pagamento Pix\n***.776.998-**",
            "amount": -2000.0
        },
        {
            "date": "05/09/2024",
            "document": "Pix",
            "description": "PIX EMITIDO OUTRA IF Pagamento Pix\n***.136.228-**",
            "amount": -1250.0
        },
        {
            "date": "05/09/2024",
            "document": "Pix",
            "description": "PIX EMITIDO OUTRA IF Pagamento Pix\n***.610.768-**",
            "amount": -10883.93
        },
        {
            "date": "04/09/2024",
            "document": "Pix",
            "description": "PIX RECEBIDO - OUTRA IF - MESMA TIT. Recebimento Pix\nMMG LOCACAO MAQUINAS LTDA\n44.388.803 0001-30",
            "amount": 13001.0
        },
        {
            "date": "03/09/2024",
            "document": "311940035",
            "description": "CRÉD.TED-STR ELENCO COSMETICOS E ESTETICA LTDA ME\n62.094.636 0001-05\nCODIGO TED: T933309415",
            "amount": 3281.0
        },
        {
            "date": "02/09/2024",
            "document": "Pix",
            "description": "PIX RECEBIDO - OUTRA IF Recebimento Pix\nCLINICA DE ESTETICA INDAIATUBA LTBA ME\n42.847.005 0001-02",
            "amount": 3200.0
        },
        {
            "date": "02/09/2024",
            "document": "68400421",
            "description": "DÉB.TIT.COMPE EFETIVADO Parcela 2 pixie",
            "amount": -7812.02
        },
        {
            "date": "02/09/2024",
            "document": "Pix",
            "description": "PIX RECEBIDO - OUTRA IF - MESMA TIT. Recebimento Pix\nMMG LOCACAO DE\n44.388.803 0001-30\nPINBANK",
            "amount": 1200.0
        },
        {
            "date": "02/09/2024",
            "document": "4423",
            "description": "CRED.TRANSF.CONTAS INTERCREDIS REM.: CLINICA DE ESTETICA JUNDIAI LTDA\nTransferência Pix\nCLINICA DE ESTETICA JUNDIAI LTDA\n40.901.286 0001-09\nLocacao Lavieen",
            "amount": 1650.0
        },
        {
            "date": "02/09/2024",
            "document": "Pix",
            "description": "PIX RECEBIDO - OUTRA IF Recebimento Pix\nANA S C E LTDA\n31.463.285 0001-20",
            "amount": 1750.0
        },
        {
            "date": "02/09/2024",
            "document": "Pix",
            "description": "PIX RECEBIDO - OUTRA IF Recebimento Pix\nAMANDA APARECIDA VIANA F. C. 40118826824\n34.758.019 0001-13",
            "amount": 1620.0
        }
    ],
    "summary": {
        "Saldo em conta corrente": 8.01,
        "Limite cheque especial empresarial (+)": 0.0,
        "Saldo disponível": 8.01,
        "Saldo bloqueado em conta corrente": "0,00*",
        "Vencimento cheque especial empresarial": "",
        "Taxa cheque especial empresarial (a.m.)": "7,50%",
        "Previsão CPMF": "D",
        "Previsão IOF": "D",
        "Previsão ENCARGOS": "D",
        "Previsão TARIFAS": "D"
    }
}