[
  {
    "categoria": "",
    "contato_igual": "",
    "descricao_contain": [
      "MESMA TIT"
    ],
    "descricao_regex": "",
    "memo_rule": "",
    "tipo": "Transferência"
  },
  {
    "categoria": "Locação de equipamentos",
    "contato_igual": "",
    "descricao_contain": [
      "CR ANTECIPAÇÃO"
    ],
    "descricao_regex": "",
    "memo_rule": "",
    "tipo": "Recebimentos"
  },
  {
    "categoria": "Custos operacionais",
    "contato_igual": "ZOOP",
    "descricao_contain": [],
    "descricao_regex": "",
    "memo_rule": "Alimentação e hospedagem",
    "tipo": "Despesas Variaveis"
  },
  {
    "categoria": "Custos operacionais",
    "contato_igual": "TICKET SOLUCOES",
    "descricao_contain": [],
    "descricao_regex": "",
    "memo_rule": "Combustível",
    "tipo": "Despesas Variaveis"
  },
  {
    "categoria": "Custos operacionais",
    "contato_igual": "LUME LASER",
    "descricao_contain": [],
    "descricao_regex": "",
    "memo_rule": "Locação de equipamentos",
    "tipo": "Despesas Variaveis"
  },
  {
    "categoria": "Custos operacionais",
    "contato_igual": "Gabriel Batista Santos",
    "descricao_contain": [],
    "descricao_regex": "",
    "memo_rule": "Motorista - Gabriel",
    "tipo": "Despesas Variaveis"
  },
  {
    "categoria": "Custos operacionais",
    "contato_igual": "Alex Eduardo Antunes",
    "descricao_contain": [],
    "descricao_regex": "",
    "memo_rule": "Motorista - Alex",
    "tipo": "Pessoas"
  },
  {
    "categoria": "Custos operacionais",
    "contato_igual": "André Luis Ribeiro",
    "descricao_contain": [],
    "descricao_regex": "",
    "memo_rule": "Motorista - André",
    "tipo": "Pessoas"
  },
  {
    "categoria": "Despesas administrativas",
    "contato_igual": null,
    "descricao_contain": [
      "610.768"
    ],
    "descricao_regex": null,
    "memo_rule": "Contrato Natália Lopez",
    "tipo": "Despesas Fixas"
  },
  {
    "categoria": "Custos operacionais",
    "contato_igual": null,
    "descricao_contain": [
      "INFINITY CARE"
    ],
    "descricao_regex": null,
    "memo_rule": "Locação de equipamentos",
    "tipo": "Despesas Variaveis"
  },
  {
    "categoria": "Despesas administrativas",
    "contato_igual": "Bruna Zavati Zavitoski",
    "descricao_contain": [],
    "descricao_regex": null,
    "memo_rule": "Bruna",
    "tipo": "Pessoas"
  },
  {
    "categoria": "Custos operacionais",
    "contato_igual": "EASY SEGUROS MEDICOS",
    "descricao_contain": [],
    "descricao_regex": null,
    "memo_rule": "Seguro de equipamento",
    "tipo": "Despesas Fixas"
  },
  {
    "categoria": "Manutenção de ativos",
    "contato_igual": "MICHEL ALEXANDRE DE PAULA",
    "descricao_contain": [],
    "descricao_regex": null,
    "memo_rule": "Manutenção de veículo",
    "tipo": "Despesas Variaveis"
  },
  {
    "categoria": "Despesas administrativas",
    "contato_igual": "Guilherme Borelli",
    "descricao_contain": [],
    "descricao_regex": null,
    "memo_rule": "Pró-Labore - Guilherme",
    "tipo": "Pessoas"
  },
  {
    "categoria": "Compra de ativos",
    "contato_igual": "PERSONALITE RECUPERACAO DE CREDITO LTDA",
    "descricao_contain": [],
    "descricao_regex": null,
    "memo_rule": "Renegociação boletos em atraso",
    "tipo": "Despesas Fixas"
  },
  {
    "categoria": "Locação de equipamentos",
    "contato_igual": null,
    "descricao_contain": [
      "SUELLEN D. DA S. MENDES"
    ],
    "descricao_regex": null,
    "memo_rule": null,
    "tipo": "Recebimentos"
  },
  {
    "descricao_contain": [
      "688.488"
    ],
    "descricao_regex": null,
    "contato_igual": null,
    "tipo": "Despesas Variaveis",
    "categoria": "Custos operacionais",
    "memo_rule": "Locação de equipamentos"
  },
  {
    "descricao_contain": [
      "027.998"
    ],
    "descricao_regex": null,
    "contato_igual": null,
    "tipo": "Pessoas",
    "categoria": "Despesas administrativas",
    "memo_rule": "Pró-Labore - Thauana"
  }
]