{
  "03506307000157": {
    "cnpj": "03506307000157",
    "razao_social": "TICKET SOLUCOES HDFGT S/A",
    "nome_fantasia": "Ticket Log",
    "qsa": [
      {
        "nome_socio": "Gilles Andre Coccoli",
        "tipo": "NATURAL",
        "faixa_etaria": "51-60",
        "tax_id": "***843778**"
      },
      {
        "nome_socio": "Douglas Almeida Pina",
        "tipo": "NATURAL",
        "faixa_etaria": "51-60",
        "tax_id": "***074816**"
      },
      {
        "nome_socio": "Haroldo Pimentel Stumpf",
        "tipo": "NATURAL",
        "faixa_etaria": "41-50",
        "tax_id": "***781420**"
      },
      {
        "nome_socio": "Philippe Pierre Marie Blecon",
        "tipo": "NATURAL",
        "faixa_etaria": "51-60",
        "tax_id": "***034898**"
      },
      {
        "nome_socio": "Ricardo Ernesto Correa da Silva",
        "tipo": "NATURAL",
        "faixa_etaria": "51-60",
        "tax_id": "***307800**"
      },
      {
        "nome_socio": "Diane Emmanuelle Anne Coliche",
        "tipo": "NATURAL",
        "faixa_etaria": "41-50",
        "tax_id": "***876938**"
      },
      {
        "nome_socio": "Mathieu Dehaine",
        "tipo": "NATURAL",
        "faixa_etaria": "31-40",
        "tax_id": "***588878**"
      }
    ]
  },
  "19468242000132": {
    "cnpj": "19468242000132",
    "razao_social": "ZOOP TECNOLOGIA & INSTITUICAO DE PAGAMENTO S.A.",
    "nome_fantasia": "Zoop Brasil",
    "qsa": [
      {
        "nome_socio": "Fabiano Teixeira da Cruz",
        "tipo": "NATURAL",
        "faixa_etaria": "41-50",
        "tax_id": "***951767**"
      },
      {
        "nome_socio": "Ricardo Oishi Sonoda",
        "tipo": "NATURAL",
        "faixa_etaria": "51-60",
        "tax_id": "***761648**"
      },
      {
        "nome_socio": "Andre Luiz Fonseca da Silva Martins",
        "tipo": "NATURAL",
        "faixa_etaria": "51-60",
        "tax_id": "***351418**"
      }
    ]
  },
  "20729204000175": {
    "cnpj": "20729204000175",
    "razao_social": "LUME LASER - EQUIPAMENTOS PARA ESTETICA LTDA",
    "nome_fantasia": "Lume Laser Locacoes de Equipamentos Para Estetica",
    "qsa": [
      {
        "nome_socio": "Marcelo Augusto Farias Jasset",
        "tipo": "NATURAL",
        "faixa_etaria": "51-60",
        "tax_id": "***878637**"
      }
    ]
  },
  "30383069000102": {
    "cnpj": "30383069000102",
    "razao_social": "PERSONALITE RECUPERACAO DE CREDITO LTDA",
    "nome_fantasia": "Personalite Recuperacao de Credito",
    "qsa": [
      {
        "nome_socio": "Edson Vieira Xavier",
        "tipo": "NATURAL",
        "faixa_etaria": "41-50",
        "tax_id": "***290248**"
      },
      {
        "nome_socio": "Fabio Lavor Pereira",
        "tipo": "NATURAL",
        "faixa_etaria": "41-50",
        "tax_id": "***284857**"
      }
    ]
  },
  "35727790000196": {
    "cnpj": "35727790000196",
    "razao_social": "EASY SEGUROS MEDICOS LTDA",
    "nome_fantasia": "Easy Seguros Medicos",
    "qsa": [
      {
        "nome_socio": "Humberto de Mattos Carrilho",
        "tipo": "NATURAL",
        "faixa_etaria": "51-60",
        "tax_id": "***243918**"
      },
      {
        "nome_socio": "Harlaine Ribeiro Luna",
        "tipo": "NATURAL",
        "faixa_etaria": "41-50",
        "tax_id": "***384810**"
      }
    ]
  },
  "42876309000190": {
    "cnpj": "42876309000190",
    "razao_social": "MICHEL ALEXANDRE DE PAULA 39977974802",
    "nome_fantasia": "",
    "qsa": []
  },
  "44388803000130": {
    "cnpj": "44388803000130",
    "razao_social": "MMG LOCACAO DE MAQUINAS LTDA",
    "nome_fantasia": "",
    "qsa": [
      {
        "nome_socio": "Guilherme Borelli",
        "tipo": "NATURAL",
        "faixa_etaria": "31-40",
        "tax_id": "***985678**"
      },
      {
        "nome_socio": "Marcus Vinicius Machado Goncalves",
        "tipo": "NATURAL",
        "faixa_etaria": "31-40",
        "tax_id": "***877988**"
      }
    ]
  },
  "47105254000138": {
    "cnpj": "47105254000138",
    "razao_social": "INFINITY COMPANY BY GG LTDA",
    "nome_fantasia": "",
    "qsa": [
      {
        "nome_socio": "Gabrieli Zago",
        "tipo": "NATURAL",
        "faixa_etaria": "21-30",
        "tax_id": "***836968**"
      }
    ]
  },
  "54668555000135": {
    "cnpj": "54668555000135",
    "razao_social": "SUELLEN D. DA S. MENDES ESTETICA",
    "nome_fantasia": "Dra. Suellen Mendes",
    "qsa": []
  },
  "01515951000166": {
    "cnpj": "01515951000166",
    "razao_social": "CHIARELLI CONTABILIDADE S/S LTDA",
    "nome_fantasia": "Chiarelli Contabilidade",
    "qsa": [
      {
        "nome_socio": "Orlando Chiarelli",
        "tipo": "NATURAL",
        "faixa_etaria": "51-60",
        "tax_id": "***121799**"
      },
      {
        "nome_socio": "Marcos Cardoso de Moraes",
        "tipo": "NATURAL",
        "faixa_etaria": "41-50",
        "tax_id": "***233288**"
      }
    ]
  },
  "02754732000100": {
    "cnpj": "02754732000100",
    "razao_social": "ROBERT JAGER RESTAURANTE LTDA",
    "nome_fantasia": "",
    "qsa": [
      {
        "nome_socio": "Robert Jager",
        "tipo": "NATURAL",
        "faixa_etaria": "61-70",
        "tax_id": "***853306**"
      }
    ]
  },
  "04938736000166": {
    "cnpj": "04938736000166",
    "razao_social": "RITA TOBAL DINIZ",
    "nome_fantasia": "Iris Comercial",
    "qsa": []
  },
  "05311364000106": {
    "cnpj": "05311364000106",
    "razao_social": "S. D. ODONTOLOGIA LTDA",
    "nome_fantasia": "Sorridente",
    "qsa": [
      {
        "nome_socio": "Fabiana Martinez Maia",
        "tipo": "NATURAL",
        "faixa_etaria": "51-60",
        "tax_id": "***925078**"
      },
      {
        "nome_socio": "Mariana Salaro",
        "tipo": "NATURAL",
        "faixa_etaria": "21-30",
        "tax_id": "***234448**"
      },
      {
        "nome_socio": "Paulo Henrique Pampado Di Santis",
        "tipo": "NATURAL",
        "faixa_etaria": "51-60",
        "tax_id": "***529858**"
      }
    ]
  },
  "10397739000132": {
    "cnpj": "10397739000132",
    "razao_social": "W. A. LASER COMERCIO MANUTENCAO E LOCACAO DE EQUIPAMENTOS MEDICOS LTDA",
    "nome_fantasia": "Wa Laser",
    "qsa": [
      {
        "nome_socio": "William Barreto Cardoso",
        "tipo": "NATURAL",
        "faixa_etaria": "41-50",
        "tax_id": "***911628**"
      },
      {
        "nome_socio": "Adalto Carvalho Sampaio",
        "tipo": "NATURAL",
        "faixa_etaria": "41-50",
        "tax_id": "***130378**"
      }
    ]
  },
  "14265814000162": {
    "cnpj": "14265814000162",
    "razao_social": "S COSMETICOS DO BEM INDUSTRIA E COMERCIO LTDA",
    "nome_fantasia": "S Distribuidora de Produtos Cosmeticos",
    "qsa": [
      {
        "nome_socio": "Soraya El Khatib",
        "tipo": "NATURAL",
        "faixa_etaria": "51-60",
        "tax_id": "***345418**"
      }
    ]
  },
  "14380200000121": {
    "cnpj": "14380200000121",
    "razao_social": "IFOOD.COM AGENCIA DE RESTAURANTES ONLINE S.A.",
    "nome_fantasia": "",
    "qsa": [
      {
        "nome_socio": "Diego Carneiro Barreto",
        "tipo": "NATURAL",
        "faixa_etaria": "41-50",
        "tax_id": "***140166**"
      },
      {
        "nome_socio": "Flavio de Freitas Stecca",
        "tipo": "NATURAL",
        "faixa_etaria": "41-50",
        "tax_id": "***858801**"
      },
      {
        "nome_socio": "Gustavo Carvalho Mendes",
        "tipo": "NATURAL",
        "faixa_etaria": "41-50",
        "tax_id": "***057808**"
      },
      {
        "nome_socio": "Lucas Marini Pittioni",
        "tipo": "NATURAL",
        "faixa_etaria": "31-40",
        "tax_id": "***993928**"
      }
    ]
  },
  "17390640000158": {
    "cnpj": "17390640000158",
    "razao_social": "GILIOLI SERVICOS ODONTOLOGICOS LTDA",
    "nome_fantasia": "Instituto Cibele Gilioli",
    "qsa": [
      {
        "nome_socio": "Cibele Rodrigues Gilioli",
        "tipo": "NATURAL",
        "faixa_etaria": "41-50",
        "tax_id": "***246858**"
      }
    ]
  },
  "19305880000132": {
    "cnpj": "19305880000132",
    "razao_social": "R GUIDON",
    "nome_fantasia": "R Guidon",
    "qsa": []
  },
  "19549581000143": {
    "cnpj": "19549581000143",
    "razao_social": "ANDRE VORONIUK DE FIGUEIREDO",
    "nome_fantasia": "Bcinovatec - Alem da Inovacao em Tecnologia",
    "qsa": []
  },
  "32724713000194": {
    "cnpj": "32724713000194",
    "erro": "429 Client Error: Too Many Requests for url: https://api.cnpja.com/office/32724713000194"
  },
  "33180818000192": {
    "cnpj": "33180818000192",
    "erro": "429 Client Error: Too Many Requests for url: https://api.cnpja.com/office/33180818000192"
  },
  "33497436000197": {
    "cnpj": "33497436000197",
    "erro": "429 Client Error: Too Many Requests for url: https://api.cnpja.com/office/33497436000197"
  },
  "37415146000108": {
    "cnpj": "37415146000108",
    "razao_social": "BRUNO BARBOSA 34804460861",
    "nome_fantasia": "",
    "qsa": []
  },
  "40710160000149": {
    "cnpj": "40710160000149",
    "razao_social": "MARIANA LUCHIN DERMATOLOGIA E ESTETICA LTDA",
    "nome_fantasia": "Mariana Luchin Dermatologia",
    "qsa": [
      {
        "nome_socio": "Mariana Luchin Diniz Silva",
        "tipo": "NATURAL",
        "faixa_etaria": "31-40",
        "tax_id": "***769198**"
      }
    ]
  },
  "42847005000102": {
    "cnpj": "42847005000102",
    "razao_social": "CLINICA DE ESTETICA INDAIATUBA LTBA",
    "nome_fantasia": "",
    "qsa": [
      {
        "nome_socio": "Marcos Antonio Generoso",
        "tipo": "NATURAL",
        "faixa_etaria": "41-50",
        "tax_id": "***190768**"
      }
    ]
  },
  "43372119000106": {
    "cnpj": "43372119000106",
    "razao_social": "NICLO'S COML LTDA",
    "nome_fantasia": "",
    "qsa": [
      {
        "nome_socio": "Raja Abdou Hanna",
        "tipo": "NATURAL",
        "faixa_etaria": "51-60",
        "tax_id": "***446058**"
      },
      {
        "nome_socio": "Maya Hanna Maalouf",
        "tipo": "NATURAL",
        "faixa_etaria": "61-70",
        "tax_id": "***344938**"
      },
      {
        "nome_socio": "Michele Hanna Zehil",
        "tipo": "NATURAL",
        "faixa_etaria": "61-70",
        "tax_id": "***660108**"
      }
    ]
  },
  "44556201000145": {
    "cnpj": "44556201000145",
    "razao_social": "CARLA ROCHA FARIAS ESTETICA AVANCADA LTDA",
    "nome_fantasia": "Carla Rocha Farias Estetica Avancada",
    "qsa": [
      {
        "nome_socio": "Rodrigo Alves de Souza",
        "tipo": "NATURAL",
        "faixa_etaria": "31-40",
        "tax_id": "***345458**"
      }
    ]
  },
  "47121800000124": {
    "cnpj": "47121800000124",
    "razao_social": "J. A. LOCACAO E SERVICOS LTDA",
    "nome_fantasia": "Essencial Locacoes",
    "qsa": [
      {
        "nome_socio": "Joao Paulo Reis de Souza",
        "tipo": "NATURAL",
        "faixa_etaria": "41-50",
        "tax_id": "***384948**"
      }
    ]
  },
  "48483151000174": {
    "cnpj": "48483151000174",
    "razao_social": "INTERVISAO VISTORIAS VALINHOS LTDA",
    "nome_fantasia": "Intervisao Vistorias",
    "qsa": [
      {
        "nome_socio": "Mario Andre Holtz de Almeida",
        "tipo": "NATURAL",
        "faixa_etaria": "41-50",
        "tax_id": "***491858**"
      }
    ]
  },
  "50632839000110": {
    "cnpj": "50632839000110",
    "razao_social": "MM ODONTOLOGIA PREMIUM LTDA",
    "nome_fantasia": "",
    "qsa": [
      {
        "nome_socio": "Maria Virginia Boldrin Denardi Siqueira",
        "tipo": "NATURAL",
        "faixa_etaria": "41-50",
        "tax_id": "***461298**"
      }
    ]
  },
  "52305548000143": {
    "cnpj": "52305548000143",
    "razao_social": "RHTZ SERVICOS MEDICOS LTDA",
    "nome_fantasia": "Rhtz Servicos Medicos",
    "qsa": [
      {
        "nome_socio": "Tarek Abdul Latif Majzoub",
        "tipo": "NATURAL",
        "faixa_etaria": "31-40",
        "tax_id": "***137738**"
      }
    ]
  },
  "52325738000122": {
    "cnpj": "52325738000122",
    "razao_social": "LOCABEAUTE LTDA",
    "nome_fantasia": "",
    "qsa": [
      {
        "nome_socio": "Julio Cesar Lopes Bezerra",
        "tipo": "NATURAL",
        "faixa_etaria": "31-40",
        "tax_id": "***506738**"
      },
      {
        "nome_socio": "Amanda Xavier Antunes",
        "tipo": "NATURAL",
        "faixa_etaria": "41-50",
        "tax_id": "***556538**"
      }
    ]
  },
  "54575080000132": {
    "cnpj": "54575080000132",
    "erro": "429 Client Error: Too Many Requests for url: https://api.cnpja.com/office/54575080000132"
  },
  "55499539000129": {
    "cnpj": "55499539000129",
    "erro": "429 Client Error: Too Many Requests for url: https://api.cnpja.com/office/55499539000129"
  },
  "56779110000158": {
    "cnpj": "56779110000158",
    "erro": "429 Client Error: Too Many Requests for url: https://api.cnpja.com/office/56779110000158"
  },
  "05848810000116": {
    "cnpj": "05848810000116",
    "razao_social": "SESCAMP COMERCIO DE ALIMENTOS LTDA",
    "nome_fantasia": "",
    "qsa": [
      {
        "nome_socio": "Sidnei do Espirito Santo",
        "tipo": "NATURAL",
        "faixa_etaria": "61-70",
        "tax_id": "***212228**"
      },
      {
        "nome_socio": "Gabriela Rodrigues do Espirito Santo Donati",
        "tipo": "NATURAL",
        "faixa_etaria": "31-40",
        "tax_id": "***467738**"
      }
    ]
  },
  "18151164000185": {
    "cnpj": "18151164000185",
    "razao_social": "MARCELA HASTENREITER PORTES DUAR MOL",
    "nome_fantasia": "Mh Uniq Esthetic",
    "qsa": []
  },
  "18429680000129": {
    "cnpj": "18429680000129",
    "razao_social": "STEPHANIE LOLO BIOMEDICA ESTETA LTDA",
    "nome_fantasia": "Stephanie Lolo Biomedica Esteta",
    "qsa": [
      {
        "nome_socio": "Stephanie Almeida de Lolo",
        "tipo": "NATURAL",
        "faixa_etaria": "31-40",
        "tax_id": "***296018**"
      }
    ]
  },
  "31463285000120": {
    "cnpj": "31463285000120",
    "razao_social": "ANA SANCHES COSMETICOS E ESTETICA LTDA",
    "nome_fantasia": "",
    "qsa": [
      {
        "nome_socio": "Samantha Regina Galo Sanches",
        "tipo": "NATURAL",
        "faixa_etaria": "41-50",
        "tax_id": "***860808**"
      },
      {
        "nome_socio": "Newton Sanches Junior",
        "tipo": "NATURAL",
        "faixa_etaria": "51-60",
        "tax_id": "***368348**"
      }
    ]
  },
  "40656554000166": {
    "cnpj": "40656554000166",
    "razao_social": "INSTITUTO VIA ESTETICA LTDA",
    "nome_fantasia": "",
    "qsa": [
      {
        "nome_socio": "Marcela Patera Ribeiro dos Santos",
        "tipo": "NATURAL",
        "faixa_etaria": "31-40",
        "tax_id": "***970208**"
      },
      {
        "nome_socio": "Mariela Scheren",
        "tipo": "NATURAL",
        "faixa_etaria": "41-50",
        "tax_id": "***791580**"
      }
    ]
  },
  "40901286000109": {
    "cnpj": "40901286000109",
    "razao_social": "CLINICA DE ESTETICA JUNDIAI LTDA",
    "nome_fantasia": "",
    "qsa": [
      {
        "nome_socio": "Thiago Luis Venturi",
        "tipo": "NATURAL",
        "faixa_etaria": "31-40",
        "tax_id": "***141728**"
      }
    ]
  },
  "43327671000174": {
    "cnpj": "43327671000174",
    "razao_social": "INFINITY CARE MED LOCACOES LTDA",
    "nome_fantasia": "Infinity Care",
    "qsa": [
      {
        "nome_socio": "Ivanildo Gomes Cazumba",
        "tipo": "NATURAL",
        "faixa_etaria": "51-60",
        "tax_id": "***845561**"
      }
    ]
  },
  "43776517000180": {
    "cnpj": "43776517000180",
    "razao_social": "COMPANHIA DE SANEAMENTO BASICO DO ESTADO DE SAO PAULO - SABESP",
    "nome_fantasia": "Sabesp",
    "qsa": [
      {
        "nome_socio": "Alexandre Goncalves Silva",
        "tipo": "NATURAL",
        "faixa_etaria": "71-80",
        "tax_id": "***153817**"
      },
      {
        "nome_socio": "Daniel Szlak",
        "tipo": "NATURAL",
        "faixa_etaria": "31-40",
        "tax_id": "***988698**"
      },
      {
        "nome_socio": "Tiago de Almeida Noel",
        "tipo": "NATURAL",
        "faixa_etaria": "31-40",
        "tax_id": "***581217**"
      },
      {
        "nome_socio": "Anderson Marcio de Oliveira",
        "tipo": "NATURAL",
        "faixa_etaria": "41-50",
        "tax_id": "***741924**"
      },
      {
        "nome_socio": "Gustavo Rocha Gattass",
        "tipo": "NATURAL",
        "faixa_etaria": "41-50",
        "tax_id": "***302477**"
      },
      {
        "nome_socio": "Claudia Polto da Cunha",
        "tipo": "NATURAL",
        "faixa_etaria": "51-60",
        "tax_id": "***276788**"
      },
      {
        "nome_socio": "Nerylson Lima da Silva",
        "tipo": "NATURAL",
        "faixa_etaria": "51-60",
        "tax_id": "***475664**"
      },
      {
        "nome_socio": "Karolina Fonseca Lima",
        "tipo": "NATURAL",
        "faixa_etaria": "51-60",
        "tax_id": "***926613**"
      },
      {
        "nome_socio": "Tinn Freire Amado",
        "tipo": "NATURAL",
        "faixa_etaria": "41-50",
        "tax_id": "***589836**"
      },
      {
        "nome_socio": "Karla Bertocco Trindade",
        "tipo": "NATURAL",
        "faixa_etaria": "41-50",
        "tax_id": "***211228**"
      },
      {
        "nome_socio": "Augusto Miranda da Paz Junior",
        "tipo": "NATURAL",
        "faixa_etaria": "61-70",
        "tax_id": "***053015**"
      },
      {
        "nome_socio": "Roberval Tavares de Souza",
        "tipo": "NATURAL",
        "faixa_etaria": "51-60",
        "tax_id": "***543688**"
      },
      {
        "nome_socio": "Carlos Augusto Leone Piani",
        "tipo": "NATURAL",
        "faixa_etaria": "51-60",
        "tax_id": "***323737**"
      },
      {
        "nome_socio": "Mateus Affonso Bandeira",
        "tipo": "NATURAL",
        "faixa_etaria": "51-60",
        "tax_id": "***483970**"
      }
    ]
  },
  "46995444000105": {
    "cnpj": "46995444000105",
    "razao_social": "LUANA ARAUJO BIOMEDICINA ESTETICA LTDA",
    "nome_fantasia": "",
    "qsa": [
      {
        "nome_socio": "Luana da Silva Araujo",
        "tipo": "NATURAL",
        "faixa_etaria": "31-40",
        "tax_id": "***599508**"
      }
    ]
  },
  "48327325000100": {
    "cnpj": "48327325000100",
    "razao_social": "STATERA CORPO & MENTE LTDA",
    "nome_fantasia": "",
    "qsa": [
      {
        "nome_socio": "Ricardo Carpintero Lauer",
        "tipo": "NATURAL",
        "faixa_etaria": "41-50",
        "tax_id": "***075848**"
      }
    ]
  },
  "57277724000102": {
    "cnpj": "57277724000102",
    "erro": "429 Client Error: Too Many Requests for url: https://api.cnpja.com/office/57277724000102"
  },
  "62094636000105": {
    "cnpj": "62094636000105",
    "erro": "429 Client Error: Too Many Requests for url: https://api.cnpja.com/office/62094636000105"
  }
}