{
    "categorias": [],
    "contas_bancarias": [
        {
            "id": 1,
            "nome": "bb",
            "tipo_de_conta": "conta corrente",
            "numero_da_conta": NaN,
            "saldo_inicial": 0
        },
        {
            "id": 2,
            "nome": "sicoob 1",
            "tipo_de_conta": "conta corrente",
            "numero_da_conta": "155489-1",
            "saldo_inicial": 3799
        },
        {
            "id": 3,
            "nome": "sicoob 2",
            "tipo_de_conta": "conta corrente",
            "numero_da_conta": "171185-7",
            "saldo_inicial": 35036
        }
    ],
    "contatos": [
        {
            "id": 1,
            "nome": "sicoob",
            "tipo_de_pessoa": "Indefinida",
            "tipo_do_contato": "Outro",
            "cpf_cnpj": NaN,
            "rg_inscricao_estadual": NaN,
            "email": NaN,
            "telefone": NaN,
            "celular": NaN,
            "endereco": NaN,
            "complemento": NaN,
            "bairro": NaN,
            "cep": NaN,
            "estado": NaN,
            "cidade": NaN,
            "observacoes": NaN
        },
        {
            "id": 2,
            "nome": "jr teixeira estacionamento",
            "tipo_de_pessoa": "Indefinida",
            "tipo_do_contato": "Outro",
            "cpf_cnpj": NaN,
            "rg_inscricao_estadual": NaN,
            "email": NaN,
            "telefone": NaN,
            "celular": NaN,
            "endereco": NaN,
            "complemento": NaN,
            "bairro": NaN,
            "cep": NaN,
            "estado": NaN,
            "cidade": NaN,
            "observacoes": NaN
        },
        {
            "id": 3,
            "nome": "zoop - ifood",
            "tipo_de_pessoa": "Indefinida",
            "tipo_do_contato": "Outro",
            "cpf_cnpj": NaN,
            "rg_inscricao_estadual": NaN,
            "email": NaN,
            "telefone": NaN,
            "celular": NaN,
            "endereco": NaN,
            "complemento": NaN,
            "bairro": NaN,
            "cep": NaN,
            "estado": NaN,
            "cidade": NaN,
            "observacoes": NaN
        },
        {
            "id": 4,
            "nome": "elenco cosmeticos e estetica ltda",
            "tipo_de_pessoa": "Indefinida",
            "tipo_do_contato": "Outro",
            "cpf_cnpj": NaN,
            "rg_inscricao_estadual": NaN,
            "email": NaN,
            "telefone": NaN,
            "celular": NaN,
            "endereco": NaN,
            "complemento": NaN,
            "bairro": NaN,
            "cep": NaN,
            "estado": NaN,
            "cidade": NaN,
            "observacoes": NaN
        },
        {
            "id": 5,
            "nome": "alex eduardo antunes pj",
            "tipo_de_pessoa": "Indefinida",
            "tipo_do_contato": "Outro",
            "cpf_cnpj": 40102626804,
            "rg_inscricao_estadual": NaN,
            "email": NaN,
            "telefone": NaN,
            "celular": NaN,
            "endereco": NaN,
            "complemento": NaN,
            "bairro": NaN,
            "cep": NaN,
            "estado": NaN,
            "cidade": NaN,
            "observacoes": NaN
        },
        {
            "id": 6,
            "nome": "gabriel batista santos pj",
            "tipo_de_pessoa": "Indefinida",
            "tipo_do_contato": "Outro",
            "cpf_cnpj": 51313622885,
            "rg_inscricao_estadual": NaN,
            "email": NaN,
            "telefone": NaN,
            "celular": NaN,
            "endereco": NaN,
            "complemento": NaN,
            "bairro": NaN,
            "cep": NaN,
            "estado": NaN,
            "cidade": NaN,
            "observacoes": NaN
        },
        {
            "id": 7,
            "nome": "conectcar instituicao de pagamento e solucoes de mobilidade eletronica sa",
            "tipo_de_pessoa": "Indefinida",
            "tipo_do_contato": "Outro",
            "cpf_cnpj": NaN,
            "rg_inscricao_estadual": NaN,
            "email": NaN,
            "telefone": NaN,
            "celular": NaN,
            "endereco": NaN,
            "complemento": NaN,
            "bairro": NaN,
            "cep": NaN,
            "estado": NaN,
            "cidade": NaN,
            "observacoes": NaN
        },
        {
            "id": 8,
            "nome": "ticket log",
            "tipo_de_pessoa": "Indefinida",
            "tipo_do_contato": "Outro",
            "cpf_cnpj": NaN,
            "rg_inscricao_estadual": NaN,
            "email": NaN,
            "telefone": NaN,
            "celular": NaN,
            "endereco": NaN,
            "complemento": NaN,
            "bairro": NaN,
            "cep": NaN,
            "estado": NaN,
            "cidade": NaN,
            "observacoes": NaN
        },
        {
            "id": 9,
            "nome": "l e m plenitude e beleza ltda",
            "tipo_de_pessoa": "Indefinida",
            "tipo_do_contato": "Outro",
            "cpf_cnpj": NaN,
            "rg_inscricao_estadual": NaN,
            "email": NaN,
            "telefone": NaN,
            "celular": NaN,
            "endereco": NaN,
            "complemento": NaN,
            "bairro": NaN,
            "cep": NaN,
            "estado": NaN,
            "cidade": NaN,
            "observacoes": NaN
        },
        {
            "id": 10,
            "nome": "sescamp com de alimentos ltda",
            "tipo_de_pessoa": "Indefinida",
            "tipo_do_contato": "Outro",
            "cpf_cnpj": NaN,
            "rg_inscricao_estadual": NaN,
            "email": NaN,
            "telefone": NaN,
            "celular": NaN,
            "endereco": NaN,
            "complemento": NaN,
            "bairro": NaN,
            "cep": NaN,
            "estado": NaN,
            "cidade": NaN,
            "observacoes": NaN
        },
        {
            "id": 11,
            "nome": "andre luis ribeiro pj",
            "tipo_de_pessoa": "Indefinida",
            "tipo_do_contato": "Outro",
            "cpf_cnpj": 43677699843,
            "rg_inscricao_estadual": NaN,
            "email": NaN,
            "telefone": NaN,
            "celular": NaN,
            "endereco": NaN,
            "complemento": NaN,
            "bairro": NaN,
            "cep": NaN,
            "estado": NaN,
            "cidade": NaN,
            "observacoes": NaN
        },
        {
            "id": 12,
            "nome": "rita tobal diniz pj",
            "tipo_de_pessoa": "Indefinida",
            "tipo_do_contato": "Outro",
            "cpf_cnpj": NaN,
            "rg_inscricao_estadual": NaN,
            "email": NaN,
            "telefone": NaN,
            "celular": NaN,
            "endereco": NaN,
            "complemento": NaN,
            "bairro": NaN,
            "cep": NaN,
            "estado": NaN,
            "cidade": NaN,
            "observacoes": NaN
        },
        {
            "id": 13,
            "nome": "cristal empresa simples de credito ltda",
            "tipo_de_pessoa": "Indefinida",
            "tipo_do_contato": "Outro",
            "cpf_cnpj": NaN,
            "rg_inscricao_estadual": NaN,
            "email": NaN,
            "telefone": NaN,
            "celular": NaN,
            "endereco": NaN,
            "complemento": NaN,
            "bairro": NaN,
            "cep": NaN,
            "estado": NaN,
            "cidade": NaN,
            "observacoes": NaN
        },
        {
            "id": 14,
            "nome": "isabela betti stavarengo",
            "tipo_de_pessoa": "Indefinida",
            "tipo_do_contato": "Outro",
            "cpf_cnpj": 49155758886,
            "rg_inscricao_estadual": NaN,
            "email": NaN,
            "telefone": NaN,
            "celular": NaN,
            "endereco": NaN,
            "complemento": NaN,
            "bairro": NaN,
            "cep": NaN,
            "estado": NaN,
            "cidade": NaN,
            "observacoes": NaN
        },
        {
            "id": 15,
            "nome": "marcelo eliseu urbano pj",
            "tipo_de_pessoa": "Indefinida",
            "tipo_do_contato": "Outro",
            "cpf_cnpj": 34505794873,
            "rg_inscricao_estadual": NaN,
            "email": NaN,
            "telefone": NaN,
            "celular": NaN,
            "endereco": NaN,
            "complemento": NaN,
            "bairro": NaN,
            "cep": NaN,
            "estado": NaN,
            "cidade": NaN,
            "observacoes": NaN
        },
        {
            "id": 16,
            "nome": "s cosmeticos do bem industria e comercio ltda",
            "tipo_de_pessoa": "Indefinida",
            "tipo_do_contato": "Outro",
            "cpf_cnpj": NaN,
            "rg_inscricao_estadual": NaN,
            "email": NaN,
            "telefone": NaN,
            "celular": NaN,
            "endereco": NaN,
            "complemento": NaN,
            "bairro": NaN,
            "cep": NaN,
            "estado": NaN,
            "cidade": NaN,
            "observacoes": NaN
        },
        {
            "id": 17,
            "nome": "elaine cristina serafim leite",
            "tipo_de_pessoa": "Indefinida",
            "tipo_do_contato": "Outro",
            "cpf_cnpj": NaN,
            "rg_inscricao_estadual": NaN,
            "email": NaN,
            "telefone": NaN,
            "celular": NaN,
            "endereco": NaN,
            "complemento": NaN,
            "bairro": NaN,
            "cep": NaN,
            "estado": NaN,
            "cidade": NaN,
            "observacoes": NaN
        },
        {
            "id": 18,
            "nome": "phytochem laboratorio de analises",
            "tipo_de_pessoa": "Indefinida",
            "tipo_do_contato": "Outro",
            "cpf_cnpj": NaN,
            "rg_inscricao_estadual": NaN,
            "email": NaN,
            "telefone": NaN,
            "celular": NaN,
            "endereco": NaN,
            "complemento": NaN,
            "bairro": NaN,
            "cep": NaN,
            "estado": NaN,
            "cidade": NaN,
            "observacoes": NaN
        },
        {
            "id": 19,
            "nome": "r guidon me",
            "tipo_de_pessoa": "Indefinida",
            "tipo_do_contato": "Outro",
            "cpf_cnpj": NaN,
            "rg_inscricao_estadual": NaN,
            "email": NaN,
            "telefone": NaN,
            "celular": NaN,
            "endereco": NaN,
            "complemento": NaN,
            "bairro": NaN,
            "cep": NaN,
            "estado": NaN,
            "cidade": NaN,
            "observacoes": NaN
        },
        {
            "id": 20,
            "nome": "guilherme borelli",
            "tipo_de_pessoa": "Indefinida",
            "tipo_do_contato": "Outro",
            "cpf_cnpj": 40498567869,
            "rg_inscricao_estadual": NaN,
            "email": NaN,
            "telefone": NaN,
            "celular": NaN,
            "endereco": NaN,
            "complemento": NaN,
            "bairro": NaN,
            "cep": NaN,
            "estado": NaN,
            "cidade": NaN,
            "observacoes": NaN
        },
        {
            "id": 21,
            "nome": "posto e restaurante castelo",
            "tipo_de_pessoa": "Indefinida",
            "tipo_do_contato": "Outro",
            "cpf_cnpj": NaN,
            "rg_inscricao_estadual": NaN,
            "email": NaN,
            "telefone": NaN,
            "celular": NaN,
            "endereco": NaN,
            "complemento": NaN,
            "bairro": NaN,
            "cep": NaN,
            "estado": NaN,
            "cidade": NaN,
            "observacoes": NaN
        },
        {
            "id": 22,
            "nome": "clinica de estetica indaiatuba ltba me",
            "tipo_de_pessoa": "Indefinida",
            "tipo_do_contato": "Outro",
            "cpf_cnpj": NaN,
            "rg_inscricao_estadual": NaN,
            "email": NaN,
            "telefone": NaN,
            "celular": NaN,
            "endereco": NaN,
            "complemento": NaN,
            "bairro": NaN,
            "cep": NaN,
            "estado": NaN,
            "cidade": NaN,
            "observacoes": NaN
        },
        {
            "id": 23,
            "nome": "cintia alves de menezes",
            "tipo_de_pessoa": "Indefinida",
            "tipo_do_contato": "Outro",
            "cpf_cnpj": NaN,
            "rg_inscricao_estadual": NaN,
            "email": NaN,
            "telefone": NaN,
            "celular": NaN,
            "endereco": NaN,
            "complemento": NaN,
            "bairro": NaN,
            "cep": NaN,
            "estado": NaN,
            "cidade": NaN,
            "observacoes": NaN
        },
        {
            "id": 24,
            "nome": "lume laser - equipamentos para estetica ltda",
            "tipo_de_pessoa": "Indefinida",
            "tipo_do_contato": "Outro",
            "cpf_cnpj": NaN,
            "rg_inscricao_estadual": NaN,
            "email": NaN,
            "telefone": NaN,
            "celular": NaN,
            "endereco": NaN,
            "complemento": NaN,
            "bairro": NaN,
            "cep": NaN,
            "estado": NaN,
            "cidade": NaN,
            "observacoes": NaN
        },
        {
            "id": 25,
            "nome": "j a locacao e servicos",
            "tipo_de_pessoa": "Indefinida",
            "tipo_do_contato": "Outro",
            "cpf_cnpj": NaN,
            "rg_inscricao_estadual": NaN,
            "email": NaN,
            "telefone": NaN,
            "celular": NaN,
            "endereco": NaN,
            "complemento": NaN,
            "bairro": NaN,
            "cep": NaN,
            "estado": NaN,
            "cidade": NaN,
            "observacoes": NaN
        },
        {
            "id": 26,
            "nome": "chiarelli contabilidade s/s ltda",
            "tipo_de_pessoa": "Indefinida",
            "tipo_do_contato": "Outro",
            "cpf_cnpj": NaN,
            "rg_inscricao_estadual": NaN,
            "email": NaN,
            "telefone": NaN,
            "celular": NaN,
            "endereco": NaN,
            "complemento": NaN,
            "bairro": NaN,
            "cep": NaN,
            "estado": NaN,
            "cidade": NaN,
            "observacoes": NaN
        },
        {
            "id": 27,
            "nome": "sem parar instituicao de pagamento ltda",
            "tipo_de_pessoa": "Indefinida",
            "tipo_do_contato": "Outro",
            "cpf_cnpj": NaN,
            "rg_inscricao_estadual": NaN,
            "email": NaN,
            "telefone": NaN,
            "celular": NaN,
            "endereco": NaN,
            "complemento": NaN,
            "bairro": NaN,
            "cep": NaN,
            "estado": NaN,
            "cidade": NaN,
            "observacoes": NaN
        },
        {
            "id": 28,
            "nome": "ana s c e ltda",
            "tipo_de_pessoa": "Indefinida",
            "tipo_do_contato": "Outro",
            "cpf_cnpj": NaN,
            "rg_inscricao_estadual": NaN,
            "email": NaN,
            "telefone": NaN,
            "celular": NaN,
            "endereco": NaN,
            "complemento": NaN,
            "bairro": NaN,
            "cep": NaN,
            "estado": NaN,
            "cidade": NaN,
            "observacoes": NaN
        },
        {
            "id": 29,
            "nome": "tupinamba energia e publicidade ltda",
            "tipo_de_pessoa": "Indefinida",
            "tipo_do_contato": "Outro",
            "cpf_cnpj": NaN,
            "rg_inscricao_estadual": NaN,
            "email": NaN,
            "telefone": NaN,
            "celular": NaN,
            "endereco": NaN,
            "complemento": NaN,
            "bairro": NaN,
            "cep": NaN,
            "estado": NaN,
            "cidade": NaN,
            "observacoes": NaN
        },
        {
            "id": 30,
            "nome": "amanda cristina seccatto reis",
            "tipo_de_pessoa": "Indefinida",
            "tipo_do_contato": "Outro",
            "cpf_cnpj": NaN,
            "rg_inscricao_estadual": NaN,
            "email": NaN,
            "telefone": NaN,
            "celular": NaN,
            "endereco": NaN,
            "complemento": NaN,
            "bairro": NaN,
            "cep": NaN,
            "estado": NaN,
            "cidade": NaN,
            "observacoes": NaN
        },
        {
            "id": 31,
            "nome": "san alinhamento e balanceamento ltda",
            "tipo_de_pessoa": "Indefinida",
            "tipo_do_contato": "Outro",
            "cpf_cnpj": NaN,
            "rg_inscricao_estadual": NaN,
            "email": NaN,
            "telefone": NaN,
            "celular": NaN,
            "endereco": NaN,
            "complemento": NaN,
            "bairro": NaN,
            "cep": NaN,
            "estado": NaN,
            "cidade": NaN,
            "observacoes": NaN
        },
        {
            "id": 32,
            "nome": "thalita araujo estetica e saude integrada ltda",
            "tipo_de_pessoa": "Indefinida",
            "tipo_do_contato": "Outro",
            "cpf_cnpj": NaN,
            "rg_inscricao_estadual": NaN,
            "email": NaN,
            "telefone": NaN,
            "celular": NaN,
            "endereco": NaN,
            "complemento": NaN,
            "bairro": NaN,
            "cep": NaN,
            "estado": NaN,
            "cidade": NaN,
            "observacoes": NaN
        },
        {
            "id": 33,
            "nome": "bruna zavati zavitoski",
            "tipo_de_pessoa": "Indefinida",
            "tipo_do_contato": "Outro",
            "cpf_cnpj": 41927629861,
            "rg_inscricao_estadual": NaN,
            "email": NaN,
            "telefone": NaN,
            "celular": NaN,
            "endereco": NaN,
            "complemento": NaN,
            "bairro": NaN,
            "cep": NaN,
            "estado": NaN,
            "cidade": NaN,
            "observacoes": NaN
        },
        {
            "id": 34,
            "nome": "fabio luis valpereiro cintra",
            "tipo_de_pessoa": "Indefinida",
            "tipo_do_contato": "Outro",
            "cpf_cnpj": NaN,
            "rg_inscricao_estadual": NaN,
            "email": NaN,
            "telefone": NaN,
            "celular": NaN,
            "endereco": NaN,
            "complemento": NaN,
            "bairro": NaN,
            "cep": NaN,
            "estado": NaN,
            "cidade": NaN,
            "observacoes": NaN
        },
        {
            "id": 35,
            "nome": "banco do brasil",
            "tipo_de_pessoa": "Indefinida",
            "tipo_do_contato": "Outro",
            "cpf_cnpj": NaN,
            "rg_inscricao_estadual": NaN,
            "email": NaN,
            "telefone": NaN,
            "celular": NaN,
            "endereco": NaN,
            "complemento": NaN,
            "bairro": NaN,
            "cep": NaN,
            "estado": NaN,
            "cidade": NaN,
            "observacoes": NaN
        },
        {
            "id": 36,
            "nome": "foxtrot locacoes de maquinas e equipamentos ltda",
            "tipo_de_pessoa": "Indefinida",
            "tipo_do_contato": "Outro",
            "cpf_cnpj": NaN,
            "rg_inscricao_estadual": NaN,
            "email": NaN,
            "telefone": NaN,
            "celular": NaN,
            "endereco": NaN,
            "complemento": NaN,
            "bairro": NaN,
            "cep": NaN,
            "estado": NaN,
            "cidade": NaN,
            "observacoes": NaN
        },
        {
            "id": 37,
            "nome": "marcus vinicius machado goncalves",
            "tipo_de_pessoa": "Indefinida",
            "tipo_do_contato": "Outro",
            "cpf_cnpj": 31687798818,
            "rg_inscricao_estadual": NaN,
            "email": NaN,
            "telefone": NaN,
            "celular": NaN,
            "endereco": NaN,
            "complemento": NaN,
            "bairro": NaN,
            "cep": NaN,
            "estado": NaN,
            "cidade": NaN,
            "observacoes": NaN
        },
        {
            "id": 38,
            "nome": "clinica de estetica vinhedo independencia ltda",
            "tipo_de_pessoa": "Indefinida",
            "tipo_do_contato": "Outro",
            "cpf_cnpj": NaN,
            "rg_inscricao_estadual": NaN,
            "email": NaN,
            "telefone": NaN,
            "celular": NaN,
            "endereco": NaN,
            "complemento": NaN,
            "bairro": NaN,
            "cep": NaN,
            "estado": NaN,
            "cidade": NaN,
            "observacoes": NaN
        },
        {
            "id": 39,
            "nome": "milla maia locatelli",
            "tipo_de_pessoa": "Indefinida",
            "tipo_do_contato": "Outro",
            "cpf_cnpj": NaN,
            "rg_inscricao_estadual": NaN,
            "email": NaN,
            "telefone": NaN,
            "celular": NaN,
            "endereco": NaN,
            "complemento": NaN,
            "bairro": NaN,
            "cep": NaN,
            "estado": NaN,
            "cidade": NaN,
            "observacoes": NaN
        },
        {
            "id": 40,
            "nome": "renann alexandre de paula",
            "tipo_de_pessoa": "Indefinida",
            "tipo_do_contato": "Outro",
            "cpf_cnpj": NaN,
            "rg_inscricao_estadual": NaN,
            "email": NaN,
            "telefone": NaN,
            "celular": NaN,
            "endereco": NaN,
            "complemento": NaN,
            "bairro": NaN,
            "cep": NaN,
            "estado": NaN,
            "cidade": NaN,
            "observacoes": NaN
        },
        {
            "id": 41,
            "nome": "bbq gourmet premium ltda",
            "tipo_de_pessoa": "Indefinida",
            "tipo_do_contato": "Outro",
            "cpf_cnpj": NaN,
            "rg_inscricao_estadual": NaN,
            "email": NaN,
            "telefone": NaN,
            "celular": NaN,
            "endereco": NaN,
            "complemento": NaN,
            "bairro": NaN,
            "cep": NaN,
            "estado": NaN,
            "cidade": NaN,
            "observacoes": NaN
        },
        {
            "id": 42,
            "nome": "ergen solucoes em energia ltda",
            "tipo_de_pessoa": "Indefinida",
            "tipo_do_contato": "Outro",
            "cpf_cnpj": NaN,
            "rg_inscricao_estadual": NaN,
            "email": NaN,
            "telefone": NaN,
            "celular": NaN,
            "endereco": NaN,
            "complemento": NaN,
            "bairro": NaN,
            "cep": NaN,
            "estado": NaN,
            "cidade": NaN,
            "observacoes": NaN
        },
        {
            "id": 43,
            "nome": "carla rocha farias estetica avancada",
            "tipo_de_pessoa": "Indefinida",
            "tipo_do_contato": "Outro",
            "cpf_cnpj": NaN,
            "rg_inscricao_estadual": NaN,
            "email": NaN,
            "telefone": NaN,
            "celular": NaN,
            "endereco": NaN,
            "complemento": NaN,
            "bairro": NaN,
            "cep": NaN,
            "estado": NaN,
            "cidade": NaN,
            "observacoes": NaN
        },
        {
            "id": 44,
            "nome": "suellen d. da s. mendes estetica",
            "tipo_de_pessoa": "Indefinida",
            "tipo_do_contato": "Outro",
            "cpf_cnpj": NaN,
            "rg_inscricao_estadual": NaN,
            "email": NaN,
            "telefone": NaN,
            "celular": NaN,
            "endereco": NaN,
            "complemento": NaN,
            "bairro": NaN,
            "cep": NaN,
            "estado": NaN,
            "cidade": NaN,
            "observacoes": NaN
        },
        {
            "id": 45,
            "nome": "go eletric ltda",
            "tipo_de_pessoa": "Indefinida",
            "tipo_do_contato": "Outro",
            "cpf_cnpj": NaN,
            "rg_inscricao_estadual": NaN,
            "email": NaN,
            "telefone": NaN,
            "celular": NaN,
            "endereco": NaN,
            "complemento": NaN,
            "bairro": NaN,
            "cep": NaN,
            "estado": NaN,
            "cidade": NaN,
            "observacoes": NaN
        },
        {
            "id": 46,
            "nome": "micheli carini da silva chies",
            "tipo_de_pessoa": "Indefinida",
            "tipo_do_contato": "Outro",
            "cpf_cnpj": NaN,
            "rg_inscricao_estadual": NaN,
            "email": NaN,
            "telefone": NaN,
            "celular": NaN,
            "endereco": NaN,
            "complemento": NaN,
            "bairro": NaN,
            "cep": NaN,
            "estado": NaN,
            "cidade": NaN,
            "observacoes": NaN
        },
        {
            "id": 47,
            "nome": "jose marcos goncalves",
            "tipo_de_pessoa": "Indefinida",
            "tipo_do_contato": "Outro",
            "cpf_cnpj": NaN,
            "rg_inscricao_estadual": NaN,
            "email": NaN,
            "telefone": NaN,
            "celular": NaN,
            "endereco": NaN,
            "complemento": NaN,
            "bairro": NaN,
            "cep": NaN,
            "estado": NaN,
            "cidade": NaN,
            "observacoes": NaN
        },
        {
            "id": 48,
            "nome": "tamara beatriz de godoy",
            "tipo_de_pessoa": "Indefinida",
            "tipo_do_contato": "Outro",
            "cpf_cnpj": NaN,
            "rg_inscricao_estadual": NaN,
            "email": NaN,
            "telefone": NaN,
            "celular": NaN,
            "endereco": NaN,
            "complemento": NaN,
            "bairro": NaN,
            "cep": NaN,
            "estado": NaN,
            "cidade": NaN,
            "observacoes": NaN
        },
        {
            "id": 49,
            "nome": "jamile maralise garcia",
            "tipo_de_pessoa": "Indefinida",
            "tipo_do_contato": "Outro",
            "cpf_cnpj": NaN,
            "rg_inscricao_estadual": NaN,
            "email": NaN,
            "telefone": NaN,
            "celular": NaN,
            "endereco": NaN,
            "complemento": NaN,
            "bairro": NaN,
            "cep": NaN,
            "estado": NaN,
            "cidade": NaN,
            "observacoes": NaN
        },
        {
            "id": 50,
            "nome": "isadora de paiva bormio",
            "tipo_de_pessoa": "Indefinida",
            "tipo_do_contato": "Outro",
            "cpf_cnpj": NaN,
            "rg_inscricao_estadual": NaN,
            "email": NaN,
            "telefone": NaN,
            "celular": NaN,
            "endereco": NaN,
            "complemento": NaN,
            "bairro": NaN,
            "cep": NaN,
            "estado": NaN,
            "cidade": NaN,
            "observacoes": NaN
        },
        {
            "id": 51,
            "nome": "ana c b f goncalves",
            "tipo_de_pessoa": "Indefinida",
            "tipo_do_contato": "Outro",
            "cpf_cnpj": NaN,
            "rg_inscricao_estadual": NaN,
            "email": NaN,
            "telefone": NaN,
            "celular": NaN,
            "endereco": NaN,
            "complemento": NaN,
            "bairro": NaN,
            "cep": NaN,
            "estado": NaN,
            "cidade": NaN,
            "observacoes": NaN
        },
        {
            "id": 52,
            "nome": "simone a capellini",
            "tipo_de_pessoa": "Indefinida",
            "tipo_do_contato": "Outro",
            "cpf_cnpj": NaN,
            "rg_inscricao_estadual": NaN,
            "email": NaN,
            "telefone": NaN,
            "celular": NaN,
            "endereco": NaN,
            "complemento": NaN,
            "bairro": NaN,
            "cep": NaN,
            "estado": NaN,
            "cidade": NaN,
            "observacoes": NaN
        },
        {
            "id": 53,
            "nome": "renata matias peres",
            "tipo_de_pessoa": "Indefinida",
            "tipo_do_contato": "Outro",
            "cpf_cnpj": NaN,
            "rg_inscricao_estadual": NaN,
            "email": NaN,
            "telefone": NaN,
            "celular": NaN,
            "endereco": NaN,
            "complemento": NaN,
            "bairro": NaN,
            "cep": NaN,
            "estado": NaN,
            "cidade": NaN,
            "observacoes": NaN
        },
        {
            "id": 54,
            "nome": "thais raquel schawzberg milanello",
            "tipo_de_pessoa": "Indefinida",
            "tipo_do_contato": "Outro",
            "cpf_cnpj": NaN,
            "rg_inscricao_estadual": NaN,
            "email": NaN,
            "telefone": NaN,
            "celular": NaN,
            "endereco": NaN,
            "complemento": NaN,
            "bairro": NaN,
            "cep": NaN,
            "estado": NaN,
            "cidade": NaN,
            "observacoes": NaN
        },
        {
            "id": 55,
            "nome": "lucia helena s c marciano",
            "tipo_de_pessoa": "Indefinida",
            "tipo_do_contato": "Outro",
            "cpf_cnpj": NaN,
            "rg_inscricao_estadual": NaN,
            "email": NaN,
            "telefone": NaN,
            "celular": NaN,
            "endereco": NaN,
            "complemento": NaN,
            "bairro": NaN,
            "cep": NaN,
            "estado": NaN,
            "cidade": NaN,
            "observacoes": NaN
        },
        {
            "id": 56,
            "nome": "powertec solucoes em energia ltda",
            "tipo_de_pessoa": "Indefinida",
            "tipo_do_contato": "Outro",
            "cpf_cnpj": NaN,
            "rg_inscricao_estadual": NaN,
            "email": NaN,
            "telefone": NaN,
            "celular": NaN,
            "endereco": NaN,
            "complemento": NaN,
            "bairro": NaN,
            "cep": NaN,
            "estado": NaN,
            "cidade": NaN,
            "observacoes": NaN
        },
        {
            "id": 57,
            "nome": "mercado pago ip",
            "tipo_de_pessoa": "Indefinida",
            "tipo_do_contato": "Outro",
            "cpf_cnpj": NaN,
            "rg_inscricao_estadual": NaN,
            "email": NaN,
            "telefone": NaN,
            "celular": NaN,
            "endereco": NaN,
            "complemento": NaN,
            "bairro": NaN,
            "cep": NaN,
            "estado": NaN,
            "cidade": NaN,
            "observacoes": NaN
        },
        {
            "id": 58,
            "nome": "maria de fatima floriano bernardo",
            "tipo_de_pessoa": "Indefinida",
            "tipo_do_contato": "Outro",
            "cpf_cnpj": NaN,
            "rg_inscricao_estadual": NaN,
            "email": NaN,
            "telefone": NaN,
            "celular": NaN,
            "endereco": NaN,
            "complemento": NaN,
            "bairro": NaN,
            "cep": NaN,
            "estado": NaN,
            "cidade": NaN,
            "observacoes": NaN
        },
        {
            "id": 59,
            "nome": "edson kiyoshi yamada",
            "tipo_de_pessoa": "Indefinida",
            "tipo_do_contato": "Outro",
            "cpf_cnpj": NaN,
            "rg_inscricao_estadual": NaN,
            "email": NaN,
            "telefone": NaN,
            "celular": NaN,
            "endereco": NaN,
            "complemento": NaN,
            "bairro": NaN,
            "cep": NaN,
            "estado": NaN,
            "cidade": NaN,
            "observacoes": NaN
        },
        {
            "id": 60,
            "nome": "gringo pay",
            "tipo_de_pessoa": "Indefinida",
            "tipo_do_contato": "Outro",
            "cpf_cnpj": NaN,
            "rg_inscricao_estadual": NaN,
            "email": NaN,
            "telefone": NaN,
            "celular": NaN,
            "endereco": NaN,
            "complemento": NaN,
            "bairro": NaN,
            "cep": NaN,
            "estado": NaN,
            "cidade": NaN,
            "observacoes": NaN
        },
        {
            "id": 61,
            "nome": "guilherme nunes croda",
            "tipo_de_pessoa": "Indefinida",
            "tipo_do_contato": "Outro",
            "cpf_cnpj": NaN,
            "rg_inscricao_estadual": NaN,
            "email": NaN,
            "telefone": NaN,
            "celular": NaN,
            "endereco": NaN,
            "complemento": NaN,
            "bairro": NaN,
            "cep": NaN,
            "estado": NaN,
            "cidade": NaN,
            "observacoes": NaN
        },
        {
            "id": 62,
            "nome": "onodera ch",
            "tipo_de_pessoa": "Indefinida",
            "tipo_do_contato": "Outro",
            "cpf_cnpj": NaN,
            "rg_inscricao_estadual": NaN,
            "email": NaN,
            "telefone": NaN,
            "celular": NaN,
            "endereco": NaN,
            "complemento": NaN,
            "bairro": NaN,
            "cep": NaN,
            "estado": NaN,
            "cidade": NaN,
            "observacoes": NaN
        },
        {
            "id": 63,
            "nome": "multiplos",
            "tipo_de_pessoa": "Indefinida",
            "tipo_do_contato": "Outro",
            "cpf_cnpj": NaN,
            "rg_inscricao_estadual": NaN,
            "email": NaN,
            "telefone": NaN,
            "celular": NaN,
            "endereco": NaN,
            "complemento": NaN,
            "bairro": NaN,
            "cep": NaN,
            "estado": NaN,
            "cidade": NaN,
            "observacoes": NaN
        },
        {
            "id": 64,
            "nome": "niclos coml ltda",
            "tipo_de_pessoa": "Indefinida",
            "tipo_do_contato": "Outro",
            "cpf_cnpj": NaN,
            "rg_inscricao_estadual": NaN,
            "email": NaN,
            "telefone": NaN,
            "celular": NaN,
            "endereco": NaN,
            "complemento": NaN,
            "bairro": NaN,
            "cep": NaN,
            "estado": NaN,
            "cidade": NaN,
            "observacoes": NaN
        },
        {
            "id": 65,
            "nome": "ana p p rac",
            "tipo_de_pessoa": "Indefinida",
            "tipo_do_contato": "Outro",
            "cpf_cnpj": NaN,
            "rg_inscricao_estadual": NaN,
            "email": NaN,
            "telefone": NaN,
            "celular": NaN,
            "endereco": NaN,
            "complemento": NaN,
            "bairro": NaN,
            "cep": NaN,
            "estado": NaN,
            "cidade": NaN,
            "observacoes": NaN
        },
        {
            "id": 66,
            "nome": "jussara piazen",
            "tipo_de_pessoa": "Indefinida",
            "tipo_do_contato": "Outro",
            "cpf_cnpj": NaN,
            "rg_inscricao_estadual": NaN,
            "email": NaN,
            "telefone": NaN,
            "celular": NaN,
            "endereco": NaN,
            "complemento": NaN,
            "bairro": NaN,
            "cep": NaN,
            "estado": NaN,
            "cidade": NaN,
            "observacoes": NaN
        },
        {
            "id": 67,
            "nome": "christiane farias",
            "tipo_de_pessoa": "Indefinida",
            "tipo_do_contato": "Outro",
            "cpf_cnpj": NaN,
            "rg_inscricao_estadual": NaN,
            "email": NaN,
            "telefone": NaN,
            "celular": NaN,
            "endereco": NaN,
            "complemento": NaN,
            "bairro": NaN,
            "cep": NaN,
            "estado": NaN,
            "cidade": NaN,
            "observacoes": NaN
        },
        {
            "id": 68,
            "nome": "skin and body center - soraia rudloff",
            "tipo_de_pessoa": "Indefinida",
            "tipo_do_contato": "Outro",
            "cpf_cnpj": NaN,
            "rg_inscricao_estadual": NaN,
            "email": NaN,
            "telefone": NaN,
            "celular": NaN,
            "endereco": NaN,
            "complemento": NaN,
            "bairro": NaN,
            "cep": NaN,
            "estado": NaN,
            "cidade": NaN,
            "observacoes": NaN
        },
        {
            "id": 69,
            "nome": "laura chicolli",
            "tipo_de_pessoa": "Indefinida",
            "tipo_do_contato": "Outro",
            "cpf_cnpj": NaN,
            "rg_inscricao_estadual": NaN,
            "email": NaN,
            "telefone": NaN,
            "celular": NaN,
            "endereco": NaN,
            "complemento": NaN,
            "bairro": NaN,
            "cep": NaN,
            "estado": NaN,
            "cidade": NaN,
            "observacoes": NaN
        },
        {
            "id": 70,
            "nome": "vanessa zanuzi",
            "tipo_de_pessoa": "Indefinida",
            "tipo_do_contato": "Outro",
            "cpf_cnpj": NaN,
            "rg_inscricao_estadual": NaN,
            "email": NaN,
            "telefone": NaN,
            "celular": NaN,
            "endereco": NaN,
            "complemento": NaN,
            "bairro": NaN,
            "cep": NaN,
            "estado": NaN,
            "cidade": NaN,
            "observacoes": NaN
        },
        {
            "id": 71,
            "nome": "daniele basilio",
            "tipo_de_pessoa": "Indefinida",
            "tipo_do_contato": "Outro",
            "cpf_cnpj": NaN,
            "rg_inscricao_estadual": NaN,
            "email": NaN,
            "telefone": NaN,
            "celular": NaN,
            "endereco": NaN,
            "complemento": NaN,
            "bairro": NaN,
            "cep": NaN,
            "estado": NaN,
            "cidade": NaN,
            "observacoes": NaN
        },
        {
            "id": 72,
            "nome": "vitaboum coworking",
            "tipo_de_pessoa": "Indefinida",
            "tipo_do_contato": "Outro",
            "cpf_cnpj": NaN,
            "rg_inscricao_estadual": NaN,
            "email": NaN,
            "telefone": NaN,
            "celular": NaN,
            "endereco": NaN,
            "complemento": NaN,
            "bairro": NaN,
            "cep": NaN,
            "estado": NaN,
            "cidade": NaN,
            "observacoes": NaN
        },
        {
            "id": 73,
            "nome": "jaqueline goncalves de salles",
            "tipo_de_pessoa": "Indefinida",
            "tipo_do_contato": "Outro",
            "cpf_cnpj": NaN,
            "rg_inscricao_estadual": NaN,
            "email": NaN,
            "telefone": NaN,
            "celular": NaN,
            "endereco": NaN,
            "complemento": NaN,
            "bairro": NaN,
            "cep": NaN,
            "estado": NaN,
            "cidade": NaN,
            "observacoes": NaN
        },
        {
            "id": 74,
            "nome": "onodera - morumbi giovanni",
            "tipo_de_pessoa": "Indefinida",
            "tipo_do_contato": "Outro",
            "cpf_cnpj": NaN,
            "rg_inscricao_estadual": NaN,
            "email": NaN,
            "telefone": NaN,
            "celular": NaN,
            "endereco": NaN,
            "complemento": NaN,
            "bairro": NaN,
            "cep": NaN,
            "estado": NaN,
            "cidade": NaN,
            "observacoes": NaN
        },
        {
            "id": 75,
            "nome": "thalita araujo estetica e saude integrada",
            "tipo_de_pessoa": "Indefinida",
            "tipo_do_contato": "Outro",
            "cpf_cnpj": NaN,
            "rg_inscricao_estadual": NaN,
            "email": NaN,
            "telefone": NaN,
            "celular": NaN,
            "endereco": NaN,
            "complemento": NaN,
            "bairro": NaN,
            "cep": NaN,
            "estado": NaN,
            "cidade": NaN,
            "observacoes": NaN
        },
        {
            "id": 76,
            "nome": "anna pegova paris - cambui, patricia do valle",
            "tipo_de_pessoa": "Indefinida",
            "tipo_do_contato": "Outro",
            "cpf_cnpj": NaN,
            "rg_inscricao_estadual": NaN,
            "email": NaN,
            "telefone": NaN,
            "celular": NaN,
            "endereco": NaN,
            "complemento": NaN,
            "bairro": NaN,
            "cep": NaN,
            "estado": NaN,
            "cidade": NaN,
            "observacoes": NaN
        },
        {
            "id": 77,
            "nome": "skin and body center - cambui, soraia rudloff",
            "tipo_de_pessoa": "Indefinida",
            "tipo_do_contato": "Outro",
            "cpf_cnpj": NaN,
            "rg_inscricao_estadual": NaN,
            "email": NaN,
            "telefone": NaN,
            "celular": NaN,
            "endereco": NaN,
            "complemento": NaN,
            "bairro": NaN,
            "cep": NaN,
            "estado": NaN,
            "cidade": NaN,
            "observacoes": NaN
        },
        {
            "id": 78,
            "nome": "virtuosa - indaiatuba, marcos antonio generoso",
            "tipo_de_pessoa": "Indefinida",
            "tipo_do_contato": "Outro",
            "cpf_cnpj": NaN,
            "rg_inscricao_estadual": NaN,
            "email": NaN,
            "telefone": NaN,
            "celular": NaN,
            "endereco": NaN,
            "complemento": NaN,
            "bairro": NaN,
            "cep": NaN,
            "estado": NaN,
            "cidade": NaN,
            "observacoes": NaN
        },
        {
            "id": 79,
            "nome": "anna pegova paris - alphaville | elenco - cosmeticos e estetica ltda, elena adam",
            "tipo_de_pessoa": "Indefinida",
            "tipo_do_contato": "Outro",
            "cpf_cnpj": NaN,
            "rg_inscricao_estadual": NaN,
            "email": NaN,
            "telefone": NaN,
            "celular": NaN,
            "endereco": NaN,
            "complemento": NaN,
            "bairro": NaN,
            "cep": NaN,
            "estado": NaN,
            "cidade": NaN,
            "observacoes": NaN
        },
        {
            "id": 80,
            "nome": "instituto cibele gilioli",
            "tipo_de_pessoa": "Indefinida",
            "tipo_do_contato": "Outro",
            "cpf_cnpj": NaN,
            "rg_inscricao_estadual": NaN,
            "email": NaN,
            "telefone": NaN,
            "celular": NaN,
            "endereco": NaN,
            "complemento": NaN,
            "bairro": NaN,
            "cep": NaN,
            "estado": NaN,
            "cidade": NaN,
            "observacoes": NaN
        },
        {
            "id": 81,
            "nome": "metodica clinic - vanessa golim",
            "tipo_de_pessoa": "Indefinida",
            "tipo_do_contato": "Outro",
            "cpf_cnpj": NaN,
            "rg_inscricao_estadual": NaN,
            "email": NaN,
            "telefone": NaN,
            "celular": NaN,
            "endereco": NaN,
            "complemento": NaN,
            "bairro": NaN,
            "cep": NaN,
            "estado": NaN,
            "cidade": NaN,
            "observacoes": NaN
        },
        {
            "id": 82,
            "nome": "onodera - guarulhos",
            "tipo_de_pessoa": "Indefinida",
            "tipo_do_contato": "Outro",
            "cpf_cnpj": NaN,
            "rg_inscricao_estadual": NaN,
            "email": NaN,
            "telefone": NaN,
            "celular": NaN,
            "endereco": NaN,
            "complemento": NaN,
            "bairro": NaN,
            "cep": NaN,
            "estado": NaN,
            "cidade": NaN,
            "observacoes": NaN
        },
        {
            "id": 83,
            "nome": "stephanie lolo biomedica esteta",
            "tipo_de_pessoa": "Indefinida",
            "tipo_do_contato": "Outro",
            "cpf_cnpj": NaN,
            "rg_inscricao_estadual": NaN,
            "email": NaN,
            "telefone": NaN,
            "celular": NaN,
            "endereco": NaN,
            "complemento": NaN,
            "bairro": NaN,
            "cep": NaN,
            "estado": NaN,
            "cidade": NaN,
            "observacoes": NaN
        },
        {
            "id": 84,
            "nome": "dra. victorya baldez estetica avancada",
            "tipo_de_pessoa": "Indefinida",
            "tipo_do_contato": "Outro",
            "cpf_cnpj": NaN,
            "rg_inscricao_estadual": NaN,
            "email": NaN,
            "telefone": NaN,
            "celular": NaN,
            "endereco": NaN,
            "complemento": NaN,
            "bairro": NaN,
            "cep": NaN,
            "estado": NaN,
            "cidade": NaN,
            "observacoes": NaN
        },
        {
            "id": 85,
            "nome": "derma franca estetica",
            "tipo_de_pessoa": "Indefinida",
            "tipo_do_contato": "Outro",
            "cpf_cnpj": NaN,
            "rg_inscricao_estadual": NaN,
            "email": NaN,
            "telefone": NaN,
            "celular": NaN,
            "endereco": NaN,
            "complemento": NaN,
            "bairro": NaN,
            "cep": NaN,
            "estado": NaN,
            "cidade": NaN,
            "observacoes": NaN
        },
        {
            "id": 86,
            "nome": "mf clinica, michele feleto rodrigues",
            "tipo_de_pessoa": "Indefinida",
            "tipo_do_contato": "Outro",
            "cpf_cnpj": NaN,
            "rg_inscricao_estadual": NaN,
            "email": NaN,
            "telefone": NaN,
            "celular": NaN,
            "endereco": NaN,
            "complemento": NaN,
            "bairro": NaN,
            "cep": NaN,
            "estado": NaN,
            "cidade": NaN,
            "observacoes": NaN
        },
        {
            "id": 87,
            "nome": "oligoflora paulinia",
            "tipo_de_pessoa": "Indefinida",
            "tipo_do_contato": "Outro",
            "cpf_cnpj": NaN,
            "rg_inscricao_estadual": NaN,
            "email": NaN,
            "telefone": NaN,
            "celular": NaN,
            "endereco": NaN,
            "complemento": NaN,
            "bairro": NaN,
            "cep": NaN,
            "estado": NaN,
            "cidade": NaN,
            "observacoes": NaN
        },
        {
            "id": 88,
            "nome": "beauty center campinas",
            "tipo_de_pessoa": "Indefinida",
            "tipo_do_contato": "Outro",
            "cpf_cnpj": NaN,
            "rg_inscricao_estadual": NaN,
            "email": NaN,
            "telefone": NaN,
            "celular": NaN,
            "endereco": NaN,
            "complemento": NaN,
            "bairro": NaN,
            "cep": NaN,
            "estado": NaN,
            "cidade": NaN,
            "observacoes": NaN
        },
        {
            "id": 89,
            "nome": "anna pegova paris - cambui",
            "tipo_de_pessoa": "Indefinida",
            "tipo_do_contato": "Outro",
            "cpf_cnpj": NaN,
            "rg_inscricao_estadual": NaN,
            "email": NaN,
            "telefone": NaN,
            "celular": NaN,
            "endereco": NaN,
            "complemento": NaN,
            "bairro": NaN,
            "cep": NaN,
            "estado": NaN,
            "cidade": NaN,
            "observacoes": NaN
        },
        {
            "id": 90,
            "nome": "anna pegova paris - piracicaba",
            "tipo_de_pessoa": "Indefinida",
            "tipo_do_contato": "Outro",
            "cpf_cnpj": NaN,
            "rg_inscricao_estadual": NaN,
            "email": NaN,
            "telefone": NaN,
            "celular": NaN,
            "endereco": NaN,
            "complemento": NaN,
            "bairro": NaN,
            "cep": NaN,
            "estado": NaN,
            "cidade": NaN,
            "observacoes": NaN
        },
        {
            "id": 91,
            "nome": "foxtrot locacoes, thierry mantovani",
            "tipo_de_pessoa": "Indefinida",
            "tipo_do_contato": "Outro",
            "cpf_cnpj": NaN,
            "rg_inscricao_estadual": NaN,
            "email": NaN,
            "telefone": NaN,
            "celular": NaN,
            "endereco": NaN,
            "complemento": NaN,
            "bairro": NaN,
            "cep": NaN,
            "estado": NaN,
            "cidade": NaN,
            "observacoes": NaN
        },
        {
            "id": 92,
            "nome": "thabata melina vaggione",
            "tipo_de_pessoa": "Indefinida",
            "tipo_do_contato": "Outro",
            "cpf_cnpj": NaN,
            "rg_inscricao_estadual": NaN,
            "email": NaN,
            "telefone": NaN,
            "celular": NaN,
            "endereco": NaN,
            "complemento": NaN,
            "bairro": NaN,
            "cep": NaN,
            "estado": NaN,
            "cidade": NaN,
            "observacoes": NaN
        },
        {
            "id": 93,
            "nome": "dra. suellen mendes",
            "tipo_de_pessoa": "Indefinida",
            "tipo_do_contato": "Outro",
            "cpf_cnpj": NaN,
            "rg_inscricao_estadual": NaN,
            "email": NaN,
            "telefone": NaN,
            "celular": NaN,
            "endereco": NaN,
            "complemento": NaN,
            "bairro": NaN,
            "cep": NaN,
            "estado": NaN,
            "cidade": NaN,
            "observacoes": NaN
        },
        {
            "id": 94,
            "nome": "dra cintia menezes - estetica avancada",
            "tipo_de_pessoa": "Indefinida",
            "tipo_do_contato": "Outro",
            "cpf_cnpj": NaN,
            "rg_inscricao_estadual": NaN,
            "email": NaN,
            "telefone": NaN,
            "celular": NaN,
            "endereco": NaN,
            "complemento": NaN,
            "bairro": NaN,
            "cep": NaN,
            "estado": NaN,
            "cidade": NaN,
            "observacoes": NaN
        },
        {
            "id": 95,
            "nome": "her clinic concept estetica, paula lourenco dotto",
            "tipo_de_pessoa": "Indefinida",
            "tipo_do_contato": "Outro",
            "cpf_cnpj": NaN,
            "rg_inscricao_estadual": NaN,
            "email": NaN,
            "telefone": NaN,
            "celular": NaN,
            "endereco": NaN,
            "complemento": NaN,
            "bairro": NaN,
            "cep": NaN,
            "estado": NaN,
            "cidade": NaN,
            "observacoes": NaN
        },
        {
            "id": 96,
            "nome": "instituto via estetica, mariela scheren",
            "tipo_de_pessoa": "Indefinida",
            "tipo_do_contato": "Outro",
            "cpf_cnpj": NaN,
            "rg_inscricao_estadual": NaN,
            "email": NaN,
            "telefone": NaN,
            "celular": NaN,
            "endereco": NaN,
            "complemento": NaN,
            "bairro": NaN,
            "cep": NaN,
            "estado": NaN,
            "cidade": NaN,
            "observacoes": NaN
        },
        {
            "id": 97,
            "nome": "carla farias estetica avancada",
            "tipo_de_pessoa": "Indefinida",
            "tipo_do_contato": "Outro",
            "cpf_cnpj": NaN,
            "rg_inscricao_estadual": NaN,
            "email": NaN,
            "telefone": NaN,
            "celular": NaN,
            "endereco": NaN,
            "complemento": NaN,
            "bairro": NaN,
            "cep": NaN,
            "estado": NaN,
            "cidade": NaN,
            "observacoes": NaN
        },
        {
            "id": 98,
            "nome": "anna pegova paris - tatuape, rita tobal diniz",
            "tipo_de_pessoa": "Indefinida",
            "tipo_do_contato": "Outro",
            "cpf_cnpj": NaN,
            "rg_inscricao_estadual": NaN,
            "email": NaN,
            "telefone": NaN,
            "celular": NaN,
            "endereco": NaN,
            "complemento": NaN,
            "bairro": NaN,
            "cep": NaN,
            "estado": NaN,
            "cidade": NaN,
            "observacoes": NaN
        },
        {
            "id": 99,
            "nome": "daniele basilio bresaola",
            "tipo_de_pessoa": "Indefinida",
            "tipo_do_contato": "Outro",
            "cpf_cnpj": NaN,
            "rg_inscricao_estadual": NaN,
            "email": NaN,
            "telefone": NaN,
            "celular": NaN,
            "endereco": NaN,
            "complemento": NaN,
            "bairro": NaN,
            "cep": NaN,
            "estado": NaN,
            "cidade": NaN,
            "observacoes": NaN
        },
        {
            "id": 100,
            "nome": "dayane faxina - instituto cibele gilioli",
            "tipo_de_pessoa": "Indefinida",
            "tipo_do_contato": "Outro",
            "cpf_cnpj": NaN,
            "rg_inscricao_estadual": NaN,
            "email": NaN,
            "telefone": NaN,
            "celular": NaN,
            "endereco": NaN,
            "complemento": NaN,
            "bairro": NaN,
            "cep": NaN,
            "estado": NaN,
            "cidade": NaN,
            "observacoes": NaN
        },
        {
            "id": 101,
            "nome": "denise de mello nery",
            "tipo_de_pessoa": "Indefinida",
            "tipo_do_contato": "Outro",
            "cpf_cnpj": NaN,
            "rg_inscricao_estadual": NaN,
            "email": NaN,
            "telefone": NaN,
            "celular": NaN,
            "endereco": NaN,
            "complemento": NaN,
            "bairro": NaN,
            "cep": NaN,
            "estado": NaN,
            "cidade": NaN,
            "observacoes": NaN
        },
        {
            "id": 102,
            "nome": "bianca brandao estetica avancada",
            "tipo_de_pessoa": "Indefinida",
            "tipo_do_contato": "Outro",
            "cpf_cnpj": NaN,
            "rg_inscricao_estadual": NaN,
            "email": NaN,
            "telefone": NaN,
            "celular": NaN,
            "endereco": NaN,
            "complemento": NaN,
            "bairro": NaN,
            "cep": NaN,
            "estado": NaN,
            "cidade": NaN,
            "observacoes": NaN
        },
        {
            "id": 103,
            "nome": "gabrieli zago estetica avancada",
            "tipo_de_pessoa": "Indefinida",
            "tipo_do_contato": "Outro",
            "cpf_cnpj": NaN,
            "rg_inscricao_estadual": NaN,
            "email": NaN,
            "telefone": NaN,
            "celular": NaN,
            "endereco": NaN,
            "complemento": NaN,
            "bairro": NaN,
            "cep": NaN,
            "estado": NaN,
            "cidade": NaN,
            "observacoes": NaN
        },
        {
            "id": 104,
            "nome": "anna pegova paris - piracicaba, vanessa zanuzzi",
            "tipo_de_pessoa": "Indefinida",
            "tipo_do_contato": "Outro",
            "cpf_cnpj": NaN,
            "rg_inscricao_estadual": NaN,
            "email": NaN,
            "telefone": NaN,
            "celular": NaN,
            "endereco": NaN,
            "complemento": NaN,
            "bairro": NaN,
            "cep": NaN,
            "estado": NaN,
            "cidade": NaN,
            "observacoes": NaN
        },
        {
            "id": 105,
            "nome": "melina penteado da silva pinto - mega saude e bem estar",
            "tipo_de_pessoa": "Indefinida",
            "tipo_do_contato": "Outro",
            "cpf_cnpj": NaN,
            "rg_inscricao_estadual": NaN,
            "email": NaN,
            "telefone": NaN,
            "celular": NaN,
            "endereco": NaN,
            "complemento": NaN,
            "bairro": NaN,
            "cep": NaN,
            "estado": NaN,
            "cidade": NaN,
            "observacoes": NaN
        },
        {
            "id": 106,
            "nome": "dra. laura chicolli",
            "tipo_de_pessoa": "Indefinida",
            "tipo_do_contato": "Outro",
            "cpf_cnpj": NaN,
            "rg_inscricao_estadual": NaN,
            "email": NaN,
            "telefone": NaN,
            "celular": NaN,
            "endereco": NaN,
            "complemento": NaN,
            "bairro": NaN,
            "cep": NaN,
            "estado": NaN,
            "cidade": NaN,
            "observacoes": NaN
        },
        {
            "id": 107,
            "nome": "ingridy fernanda lopes ribeiro - virtuosa vinhedo",
            "tipo_de_pessoa": "Indefinida",
            "tipo_do_contato": "Outro",
            "cpf_cnpj": NaN,
            "rg_inscricao_estadual": NaN,
            "email": NaN,
            "telefone": NaN,
            "celular": NaN,
            "endereco": NaN,
            "complemento": NaN,
            "bairro": NaN,
            "cep": NaN,
            "estado": NaN,
            "cidade": NaN,
            "observacoes": NaN
        },
        {
            "id": 108,
            "nome": "carolyne martins de marchi",
            "tipo_de_pessoa": "Indefinida",
            "tipo_do_contato": "Outro",
            "cpf_cnpj": NaN,
            "rg_inscricao_estadual": NaN,
            "email": NaN,
            "telefone": NaN,
            "celular": NaN,
            "endereco": NaN,
            "complemento": NaN,
            "bairro": NaN,
            "cep": NaN,
            "estado": NaN,
            "cidade": NaN,
            "observacoes": NaN
        },
        {
            "id": 109,
            "nome": "vitaly clinic - gabriela xavier",
            "tipo_de_pessoa": "Indefinida",
            "tipo_do_contato": "Outro",
            "cpf_cnpj": NaN,
            "rg_inscricao_estadual": NaN,
            "email": NaN,
            "telefone": NaN,
            "celular": NaN,
            "endereco": NaN,
            "complemento": NaN,
            "bairro": NaN,
            "cep": NaN,
            "estado": NaN,
            "cidade": NaN,
            "observacoes": NaN
        },
        {
            "id": 110,
            "nome": "onodera - santa terezinha",
            "tipo_de_pessoa": "Indefinida",
            "tipo_do_contato": "Outro",
            "cpf_cnpj": NaN,
            "rg_inscricao_estadual": NaN,
            "email": NaN,
            "telefone": NaN,
            "celular": NaN,
            "endereco": NaN,
            "complemento": NaN,
            "bairro": NaN,
            "cep": NaN,
            "estado": NaN,
            "cidade": NaN,
            "observacoes": NaN
        },
        {
            "id": 111,
            "nome": "dra evania tamos tonetto",
            "tipo_de_pessoa": "Indefinida",
            "tipo_do_contato": "Outro",
            "cpf_cnpj": NaN,
            "rg_inscricao_estadual": NaN,
            "email": NaN,
            "telefone": NaN,
            "celular": NaN,
            "endereco": NaN,
            "complemento": NaN,
            "bairro": NaN,
            "cep": NaN,
            "estado": NaN,
            "cidade": NaN,
            "observacoes": NaN
        },
        {
            "id": 112,
            "nome": "mariana salaro",
            "tipo_de_pessoa": "Indefinida",
            "tipo_do_contato": "Outro",
            "cpf_cnpj": NaN,
            "rg_inscricao_estadual": NaN,
            "email": NaN,
            "telefone": NaN,
            "celular": NaN,
            "endereco": NaN,
            "complemento": NaN,
            "bairro": NaN,
            "cep": NaN,
            "estado": NaN,
            "cidade": NaN,
            "observacoes": NaN
        },
        {
            "id": 113,
            "nome": "everton gomes",
            "tipo_de_pessoa": "Indefinida",
            "tipo_do_contato": "Outro",
            "cpf_cnpj": NaN,
            "rg_inscricao_estadual": NaN,
            "email": NaN,
            "telefone": NaN,
            "celular": NaN,
            "endereco": NaN,
            "complemento": NaN,
            "bairro": NaN,
            "cep": NaN,
            "estado": NaN,
            "cidade": NaN,
            "observacoes": NaN
        },
        {
            "id": 114,
            "nome": "onodera - chacara",
            "tipo_de_pessoa": "Indefinida",
            "tipo_do_contato": "Outro",
            "cpf_cnpj": NaN,
            "rg_inscricao_estadual": NaN,
            "email": NaN,
            "telefone": NaN,
            "celular": NaN,
            "endereco": NaN,
            "complemento": NaN,
            "bairro": NaN,
            "cep": NaN,
            "estado": NaN,
            "cidade": NaN,
            "observacoes": NaN
        },
        {
            "id": 115,
            "nome": "mariana luchin dermatologia",
            "tipo_de_pessoa": "Indefinida",
            "tipo_do_contato": "Outro",
            "cpf_cnpj": NaN,
            "rg_inscricao_estadual": NaN,
            "email": NaN,
            "telefone": NaN,
            "celular": NaN,
            "endereco": NaN,
            "complemento": NaN,
            "bairro": NaN,
            "cep": NaN,
            "estado": NaN,
            "cidade": NaN,
            "observacoes": NaN
        },
        {
            "id": 116,
            "nome": "clinica for sante, paula regina benites",
            "tipo_de_pessoa": "Indefinida",
            "tipo_do_contato": "Outro",
            "cpf_cnpj": NaN,
            "rg_inscricao_estadual": NaN,
            "email": NaN,
            "telefone": NaN,
            "celular": NaN,
            "endereco": NaN,
            "complemento": NaN,
            "bairro": NaN,
            "cep": NaN,
            "estado": NaN,
            "cidade": NaN,
            "observacoes": NaN
        },
        {
            "id": 117,
            "nome": "beauty center campinas, marjorie ulian danziger gagliardi",
            "tipo_de_pessoa": "Indefinida",
            "tipo_do_contato": "Outro",
            "cpf_cnpj": NaN,
            "rg_inscricao_estadual": NaN,
            "email": NaN,
            "telefone": NaN,
            "celular": NaN,
            "endereco": NaN,
            "complemento": NaN,
            "bairro": NaN,
            "cep": NaN,
            "estado": NaN,
            "cidade": NaN,
            "observacoes": NaN
        },
        {
            "id": 118,
            "nome": "milena nazareth - infinity",
            "tipo_de_pessoa": "Indefinida",
            "tipo_do_contato": "Outro",
            "cpf_cnpj": NaN,
            "rg_inscricao_estadual": NaN,
            "email": NaN,
            "telefone": NaN,
            "celular": NaN,
            "endereco": NaN,
            "complemento": NaN,
            "bairro": NaN,
            "cep": NaN,
            "estado": NaN,
            "cidade": NaN,
            "observacoes": NaN
        },
        {
            "id": 119,
            "nome": "cris ribeiro",
            "tipo_de_pessoa": "Indefinida",
            "tipo_do_contato": "Outro",
            "cpf_cnpj": NaN,
            "rg_inscricao_estadual": NaN,
            "email": NaN,
            "telefone": NaN,
            "celular": NaN,
            "endereco": NaN,
            "complemento": NaN,
            "bairro": NaN,
            "cep": NaN,
            "estado": NaN,
            "cidade": NaN,
            "observacoes": NaN
        },
        {
            "id": 120,
            "nome": "eliana fonseca da costa - lili le clinique",
            "tipo_de_pessoa": "Indefinida",
            "tipo_do_contato": "Outro",
            "cpf_cnpj": NaN,
            "rg_inscricao_estadual": NaN,
            "email": NaN,
            "telefone": NaN,
            "celular": NaN,
            "endereco": NaN,
            "complemento": NaN,
            "bairro": NaN,
            "cep": NaN,
            "estado": NaN,
            "cidade": NaN,
            "observacoes": NaN
        },
        {
            "id": 121,
            "nome": "virtuosa - jundiai",
            "tipo_de_pessoa": "Indefinida",
            "tipo_do_contato": "Outro",
            "cpf_cnpj": NaN,
            "rg_inscricao_estadual": NaN,
            "email": NaN,
            "telefone": NaN,
            "celular": NaN,
            "endereco": NaN,
            "complemento": NaN,
            "bairro": NaN,
            "cep": NaN,
            "estado": NaN,
            "cidade": NaN,
            "observacoes": NaN
        },
        {
            "id": 122,
            "nome": "vivo",
            "tipo_de_pessoa": "Indefinida",
            "tipo_do_contato": "Outro",
            "cpf_cnpj": NaN,
            "rg_inscricao_estadual": NaN,
            "email": NaN,
            "telefone": NaN,
            "celular": NaN,
            "endereco": NaN,
            "complemento": NaN,
            "bairro": NaN,
            "cep": NaN,
            "estado": NaN,
            "cidade": NaN,
            "observacoes": NaN
        },
        {
            "id": 123,
            "nome": "cpfl",
            "tipo_de_pessoa": "Indefinida",
            "tipo_do_contato": "Outro",
            "cpf_cnpj": NaN,
            "rg_inscricao_estadual": NaN,
            "email": NaN,
            "telefone": NaN,
            "celular": NaN,
            "endereco": NaN,
            "complemento": NaN,
            "bairro": NaN,
            "cep": NaN,
            "estado": NaN,
            "cidade": NaN,
            "observacoes": NaN
        }
    ]
}