[
  {
    "categoria": "Loca\u00e7\u00e3o de equipamentos",
    "contato_igual": "",
    "descricao_contain": [
      "MESMA TIT"
    ],
    "descricao_regex": "",
    "memo_rule": "",
    "tipo": "Recebimentos",
    "transaction_type": "Cr\u00e9dito"
  },
  {
    "categoria": "Loca\u00e7\u00e3o de equipamentos",
    "contato_igual": "",
    "descricao_contain": [
      "CR ANTECIPA\u00c7\u00c3O"
    ],
    "descricao_regex": "",
    "memo_rule": "",
    "tipo": "Recebimentos"
  },
  {
    "categoria": "Custos operacionais",
    "contato_igual": "ZOOP",
    "descricao_contain": [],
    "descricao_regex": "",
    "memo_rule": "Alimenta\u00e7\u00e3o e hospedagem",
    "tipo": "Despesas Variaveis"
  },
  {
    "categoria": "Custos operacionais",
    "contato_igual": "TICKET SOLUCOES",
    "descricao_contain": [],
    "descricao_regex": "",
    "memo_rule": "Combust\u00edvel",
    "tipo": "Despesas Variaveis"
  },
  {
    "categoria": "Custos operacionais",
    "contato_igual": "LUME LASER",
    "descricao_contain": [],
    "descricao_regex": "",
    "memo_rule": "Loca\u00e7\u00e3o de equipamentos",
    "tipo": "Despesas Variaveis"
  },
  {
    "categoria": "Custos operacionais",
    "contato_igual": "Alex Eduardo Antunes",
    "descricao_contain": [],
    "descricao_regex": "",
    "memo_rule": "Motorista - Alex",
    "tipo": "Pessoas"
  },
  {
    "categoria": "Custos operacionais",
    "contato_igual": "Andr\u00e9 Luis Ribeiro",
    "descricao_contain": [],
    "descricao_regex": "",
    "memo_rule": "Motorista - Andr\u00e9",
    "tipo": "Pessoas"
  },
  {
    "categoria": "Despesas administrativas",
    "contato_igual": null,
    "descricao_contain": [
      "610.768"
    ],
    "descricao_regex": null,
    "memo_rule": "Contrato Nat\u00e1lia Lopez",
    "tipo": "Despesas Fixas"
  },
  {
    "categoria": "Custos operacionais",
    "contato_igual": null,
    "descricao_contain": [
      "INFINITY CARE"
    ],
    "descricao_regex": null,
    "memo_rule": "Loca\u00e7\u00e3o de equipamentos",
    "tipo": "Despesas Variaveis"
  },
  {
    "categoria": "Despesas administrativas",
    "contato_igual": "Bruna Zavati Zavitoski",
    "descricao_contain": [],
    "descricao_regex": null,
    "memo_rule": "Bruna",
    "tipo": "Pessoas"
  },
  {
    "categoria": "Custos operacionais",
    "contato_igual": "EASY SEGUROS MEDICOS",
    "descricao_contain": [],
    "descricao_regex": null,
    "memo_rule": "Seguro de equipamento",
    "tipo": "Despesas Fixas"
  },
  {
    "categoria": "Manuten\u00e7\u00e3o de ativos",
    "contato_igual": "MICHEL ALEXANDRE DE PAULA",
    "descricao_contain": [],
    "descricao_regex": null,
    "memo_rule": "Manuten\u00e7\u00e3o de ve\u00edculo",
    "tipo": "Despesas Variaveis",
    "transaction_type": "Indefinido"
  },
  {
    "categoria": "Despesas administrativas",
    "contato_igual": "Guilherme Borelli",
    "descricao_contain": [],
    "descricao_regex": null,
    "memo_rule": "Pr\u00f3-Labore - Guilherme",
    "tipo": "Pessoas"
  },
  {
    "categoria": "Compra de ativos",
    "contato_igual": "PERSONALITE RECUPERACAO DE CREDITO LTDA",
    "descricao_contain": [],
    "descricao_regex": null,
    "memo_rule": "Renegocia\u00e7\u00e3o boletos em atraso",
    "tipo": "Despesas Fixas"
  },
  {
    "categoria": "Loca\u00e7\u00e3o de equipamentos",
    "contato_igual": null,
    "descricao_contain": [
      "SUELLEN D. DA S. MENDES"
    ],
    "descricao_regex": null,
    "memo_rule": null,
    "tipo": "Recebimentos"
  },
  {
    "categoria": "Custos operacionais",
    "contato_igual": null,
    "descricao_contain": [
      "688.488"
    ],
    "descricao_regex": null,
    "memo_rule": "Loca\u00e7\u00e3o de equipamentos",
    "tipo": "Despesas Variaveis"
  },
  {
    "categoria": "Despesas administrativas",
    "contato_igual": null,
    "descricao_contain": [
      "027.998"
    ],
    "descricao_regex": null,
    "memo_rule": "Pr\u00f3-Labore - Thauana",
    "tipo": "Pessoas"
  },
  {
    "categoria": "Custos operacionais",
    "contato_igual": "Gabriel Batista Santos",
    "descricao_contain": [],
    "descricao_regex": null,
    "memo_rule": "Motorista - Gabriel",
    "tipo": "Pessoas"
  },
  {
    "categoria": "Custos operacionais",
    "contato_igual": null,
    "descricao_contain": [
      "395.008"
    ],
    "descricao_regex": null,
    "memo_rule": "Motorista - Matheus",
    "tipo": "Pessoas"
  },
  {
    "categoria": "Compra de ativos",
    "contato_igual": null,
    "descricao_contain": [
      "420.638"
    ],
    "descricao_regex": null,
    "memo_rule": "Compra de ativos - Cartucho",
    "tipo": "Despesas Fixas"
  },
  {
    "categoria": "Despesas administrativas",
    "contato_igual": null,
    "descricao_contain": [
      "36.150.523"
    ],
    "descricao_regex": null,
    "memo_rule": "Aluguel - Contrato Phytochem",
    "tipo": "Despesas Fixas"
  },
  {
    "categoria": "Marketing",
    "contato_igual": null,
    "descricao_contain": [
      "969.778"
    ],
    "descricao_regex": null,
    "memo_rule": "Marketing - Bruna Fernanda",
    "tipo": "Pessoas"
  },
  {
    "categoria": "Despesas administrativas",
    "contato_igual": null,
    "descricao_contain": [
      "881.488"
    ],
    "descricao_regex": null,
    "memo_rule": "Auxiliar ADM - Maria Isabela",
    "tipo": "Pessoas"
  },
  {
    "categoria": "Loca\u00e7\u00e3o de equipamentos",
    "contato_igual": null,
    "descricao_contain": [
      "RHTZ SERVICOS MEDICOS"
    ],
    "descricao_regex": null,
    "memo_rule": null,
    "tipo": "Recebimentos"
  },
  {
    "categoria": "Manuten\u00e7\u00e3o de ativos",
    "contato_igual": null,
    "descricao_contain": [
      "10.397.739 0001-32"
    ],
    "descricao_regex": null,
    "memo_rule": null,
    "tipo": "Despesas Variaveis"
  },
  {
    "categoria": "Custos operacionais",
    "contato_igual": null,
    "descricao_contain": [
      "DEBITO AUTOMATICO FATURA CART\u00c3O"
    ],
    "descricao_regex": null,
    "memo_rule": "Fatura Cart\u00e3o Visa",
    "tipo": "Despesas Variaveis"
  },
  {
    "categoria": "Loca\u00e7\u00e3o de equipamentos",
    "contato_igual": null,
    "descricao_contain": [
      "36.543.507 0001-39"
    ],
    "descricao_regex": null,
    "memo_rule": null,
    "tipo": "Recebimentos"
  },
  {
    "categoria": "Loca\u00e7\u00e3o de equipamentos",
    "contato_igual": null,
    "descricao_contain": [
      "48.327.325 0001-00"
    ],
    "descricao_regex": null,
    "memo_rule": null,
    "tipo": "Recebimentos"
  },
  {
    "categoria": "Loca\u00e7\u00e3o de equipamentos",
    "contato_igual": null,
    "descricao_contain": [
      "40.656.554 0001-66"
    ],
    "descricao_regex": null,
    "memo_rule": null,
    "tipo": "Recebimentos"
  },
  {
    "categoria": "Loca\u00e7\u00e3o de equipamentos",
    "contato_igual": null,
    "descricao_contain": [
      "31.463.285 0001-20"
    ],
    "descricao_regex": null,
    "memo_rule": null,
    "tipo": "Recebimentos"
  },
  {
    "categoria": "Loca\u00e7\u00e3o de equipamentos",
    "contato_igual": null,
    "descricao_contain": [
      "36.695.060 0001-13"
    ],
    "descricao_regex": null,
    "memo_rule": null,
    "tipo": "Recebimentos"
  },
  {
    "categoria": "Loca\u00e7\u00e3o de equipamentos",
    "contato_igual": null,
    "descricao_contain": [
      "17.390.640 0001-58"
    ],
    "descricao_regex": null,
    "memo_rule": null,
    "tipo": "Recebimentos"
  },
  {
    "categoria": "Loca\u00e7\u00e3o de equipamentos",
    "contato_igual": null,
    "descricao_contain": [
      "870.068"
    ],
    "descricao_regex": null,
    "memo_rule": null,
    "tipo": "Recebimentos"
  },
  {
    "categoria": "Loca\u00e7\u00e3o de equipamentos",
    "contato_igual": null,
    "descricao_contain": [
      "40.710.160 0001-49"
    ],
    "descricao_regex": null,
    "memo_rule": null,
    "tipo": "Recebimentos"
  },
  {
    "categoria": "Loca\u00e7\u00e3o de equipamentos",
    "contato_igual": null,
    "descricao_contain": [
      "738.968"
    ],
    "descricao_regex": null,
    "memo_rule": null,
    "tipo": "Recebimentos"
  },
  {
    "categoria": "Loca\u00e7\u00e3o de equipamentos",
    "contato_igual": null,
    "descricao_contain": [
      "280.478"
    ],
    "descricao_regex": null,
    "memo_rule": null,
    "tipo": "Recebimentos"
  },
  {
    "categoria": "Despesas administrativas",
    "contato_igual": null,
    "descricao_contain": [
      "05.848.810 0001-16"
    ],
    "descricao_regex": null,
    "memo_rule": null,
    "tipo": "Pessoas"
  },
  {
    "categoria": "Loca\u00e7\u00e3o de equipamentos",
    "contato_igual": null,
    "descricao_contain": [
      "18.151.164 0001-85"
    ],
    "descricao_regex": null,
    "memo_rule": null,
    "tipo": "Recebimentos"
  },
  {
    "categoria": "Loca\u00e7\u00e3o de equipamentos",
    "contato_igual": null,
    "descricao_contain": [
      "18.429.680 0001-29"
    ],
    "descricao_regex": null,
    "memo_rule": null,
    "tipo": "Recebimentos"
  },
  {
    "categoria": "Loca\u00e7\u00e3o de equipamentos",
    "contato_igual": null,
    "descricao_contain": [
      "62.094.636 0001-05"
    ],
    "descricao_regex": null,
    "memo_rule": null,
    "tipo": "Recebimentos"
  }
]